AnimalID,Species,FromFarm,FromDate,ToFarm,ToDate
A000001801,CATTLE,F000000019,01/05/2000,F000000001,01/05/2000
A000001802,CATTLE,F000000019,01/05/2000,F000000001,01/05/2000
A000001803,CATTLE,F000000019,01/05/2000,F000000001,01/05/2000
A000001804,CATTLE,F000000019,01/05/2000,F000000001,01/05/2000
A000001805,CATTLE,F000000019,01/05/2000,F000000001,01/05/2000
A000001806,CATTLE,F000000019,01/05/2000,F000000001,01/05/2000
A000001807,CATTLE,F000000019,01/05/2000,F000000001,01/05/2000
A000001808,CATTLE,F000000019,01/05/2000,F000000001,01/05/2000
A000001809,CATTLE,F000000019,01/05/2000,F000000001,01/05/2000
A000001810,CATTLE,F000000019,01/05/2000,F000000001,01/05/2000
A000001811,CATTLE,F000000019,01/05/2000,F000000001,01/05/2000
A000001812,CATTLE,F000000019,01/05/2000,F000000001,01/05/2000
A000001813,CATTLE,F000000019,01/05/2000,F000000001,01/05/2000
A000001814,CATTLE,F000000019,01/05/2000,F000000001,01/05/2000
A000001815,CATTLE,F000000019,01/05/2000,F000000001,01/05/2000
A000000901,CATTLE,F000000010,01/08/2000,F000000006,01/08/2000
A000000902,CATTLE,F000000010,01/08/2000,F000000006,01/08/2000
A000000903,CATTLE,F000000010,01/08/2000,F000000006,01/08/2000
A000000904,CATTLE,F000000010,01/08/2000,F000000006,01/08/2000
A000000905,CATTLE,F000000010,01/08/2000,F000000006,01/08/2000
A000001901,CATTLE,F000000020,01/09/2000,F000000004,01/09/2000
A000001902,CATTLE,F000000020,01/09/2000,F000000004,01/09/2000
A000001903,CATTLE,F000000020,01/09/2000,F000000004,01/09/2000
A000001904,CATTLE,F000000020,01/09/2000,F000000004,01/09/2000
A000001905,CATTLE,F000000020,01/09/2000,F000000004,01/09/2000
A000001906,CATTLE,F000000020,01/09/2000,F000000004,01/09/2000
A000001907,CATTLE,F000000020,01/09/2000,F000000004,01/09/2000
A000001908,CATTLE,F000000020,01/09/2000,F000000004,01/09/2000
A000001701,CATTLE,F000000018,01/11/2000,F000000007,01/11/2000
A000001702,CATTLE,F000000018,01/11/2000,F000000007,01/11/2000
A000001703,CATTLE,F000000018,01/11/2000,F000000007,01/11/2000
A000001704,CATTLE,F000000018,01/11/2000,F000000007,01/11/2000
A000001705,CATTLE,F000000018,01/11/2000,F000000007,01/11/2000
A000001706,CATTLE,F000000018,01/11/2000,F000000007,01/11/2000
A000001707,CATTLE,F000000018,01/11/2000,F000000007,01/11/2000
A000001708,CATTLE,F000000018,01/11/2000,F000000007,01/11/2000
A000001709,CATTLE,F000000018,01/11/2000,F000000007,01/11/2000
A000001710,CATTLE,F000000018,01/11/2000,F000000007,01/11/2000
A000001909,CATTLE,F000000020,01/12/2000,F000000013,01/12/2000
A000001910,CATTLE,F000000020,01/12/2000,F000000013,01/12/2000
A000001911,CATTLE,F000000020,01/12/2000,F000000013,01/12/2000
A000001912,CATTLE,F000000020,01/12/2000,F000000013,01/12/2000
A000001913,CATTLE,F000000020,01/12/2000,F000000013,01/12/2000
A000001914,CATTLE,F000000020,01/12/2000,F000000013,01/12/2000
A000001915,CATTLE,F000000020,01/12/2000,F000000013,01/12/2000
A000001916,CATTLE,F000000020,01/12/2000,F000000013,01/12/2000
A000001917,CATTLE,F000000020,01/12/2000,F000000013,01/12/2000
A000001918,CATTLE,F000000020,01/12/2000,F000000013,01/12/2000
A000001919,CATTLE,F000000020,01/12/2000,F000000013,01/12/2000
A000001920,CATTLE,F000000020,01/12/2000,F000000013,01/12/2000
A000001921,CATTLE,F000000020,01/12/2000,F000000013,01/12/2000
A000001922,CATTLE,F000000020,01/12/2000,F000000013,01/12/2000
A000001923,CATTLE,F000000020,01/12/2000,F000000013,01/12/2000
A000001924,CATTLE,F000000020,01/12/2000,F000000013,01/12/2000
A000001925,CATTLE,F000000020,01/12/2000,F000000013,01/12/2000
A000001926,CATTLE,F000000020,01/12/2000,F000000013,01/12/2000
A000001927,CATTLE,F000000020,01/12/2000,F000000013,01/12/2000
A000001928,CATTLE,F000000020,01/12/2000,F000000013,01/12/2000
A000001929,CATTLE,F000000020,01/12/2000,F000000013,01/12/2000
A000001930,CATTLE,F000000020,01/12/2000,F000000013,01/12/2000
A000001931,CATTLE,F000000020,01/12/2000,F000000013,01/12/2000
A000001001,CATTLE,F000000011,01/01/2001,F000000009,01/01/2001
A000001002,CATTLE,F000000011,01/01/2001,F000000009,01/01/2001
A000001003,CATTLE,F000000011,01/01/2001,F000000009,01/01/2001
A000001004,CATTLE,F000000011,01/01/2001,F000000009,01/01/2001
A000001005,CATTLE,F000000011,01/01/2001,F000000009,01/01/2001
A000001006,CATTLE,F000000011,01/01/2001,F000000009,01/01/2001
A000001007,CATTLE,F000000011,01/01/2001,F000000009,01/01/2001
A000001008,CATTLE,F000000011,01/01/2001,F000000009,01/01/2001
A000001009,CATTLE,F000000011,01/01/2001,F000000009,01/01/2001
A000001010,CATTLE,F000000011,01/01/2001,F000000009,01/01/2001
A000001011,CATTLE,F000000011,01/01/2001,F000000009,01/01/2001
A000001012,CATTLE,F000000011,01/01/2001,F000000009,01/01/2001
A000000001,CATTLE,F000000001,01/06/2001,F000000002,01/06/2001
A000000002,CATTLE,F000000001,01/06/2001,F000000002,01/06/2001
A000000003,CATTLE,F000000001,01/06/2001,F000000002,01/06/2001
A000000004,CATTLE,F000000001,01/06/2001,F000000002,01/06/2001
A000000005,CATTLE,F000000001,01/06/2001,F000000002,01/06/2001
A000000006,CATTLE,F000000001,01/06/2001,F000000002,01/06/2001
A000000007,CATTLE,F000000001,01/06/2001,F000000002,01/06/2001
A000000008,CATTLE,F000000001,01/06/2001,F000000002,01/06/2001
A000000009,CATTLE,F000000001,01/06/2001,F000000002,01/06/2001
A000000010,CATTLE,F000000001,01/06/2001,F000000002,01/06/2001
A000000011,CATTLE,F000000001,01/06/2001,F000000002,01/06/2001
A000001601,CATTLE,F000000017,01/07/2001,F000000018,01/07/2001
A000001602,CATTLE,F000000017,01/07/2001,F000000018,01/07/2001
A000001603,CATTLE,F000000017,01/07/2001,F000000018,01/07/2001
A000001604,CATTLE,F000000017,01/07/2001,F000000018,01/07/2001
A000001605,CATTLE,F000000017,01/07/2001,F000000018,01/07/2001
A000001606,CATTLE,F000000017,01/07/2001,F000000018,01/07/2001
A000001607,CATTLE,F000000017,01/07/2001,F000000018,01/07/2001
A000001608,CATTLE,F000000017,01/07/2001,F000000018,01/07/2001
A000001609,CATTLE,F000000017,01/07/2001,F000000018,01/07/2001
A000001610,CATTLE,F000000017,01/07/2001,F000000018,01/07/2001
A000001611,CATTLE,F000000017,01/07/2001,F000000018,01/07/2001
A000001612,CATTLE,F000000017,01/07/2001,F000000018,01/07/2001
A000001613,CATTLE,F000000017,01/07/2001,F000000018,01/07/2001
A000000701,CATTLE,F000000008,01/10/2001,F000000004,01/10/2001
A000000702,CATTLE,F000000008,01/10/2001,F000000004,01/10/2001
A000000703,CATTLE,F000000008,01/10/2001,F000000004,01/10/2001
A000000704,CATTLE,F000000008,01/10/2001,F000000004,01/10/2001
A000000705,CATTLE,F000000008,01/10/2001,F000000004,01/10/2001
A000000706,CATTLE,F000000008,01/10/2001,F000000004,01/10/2001
A000000707,CATTLE,F000000008,01/10/2001,F000000004,01/10/2001
A000000708,CATTLE,F000000008,01/10/2001,F000000004,01/10/2001
A000000709,CATTLE,F000000008,01/10/2001,F000000004,01/10/2001
A000000710,CATTLE,F000000008,01/10/2001,F000000004,01/10/2001
A000000711,CATTLE,F000000008,01/10/2001,F000000004,01/10/2001
A000000712,CATTLE,F000000008,01/10/2001,F000000004,01/10/2001
A000000801,CATTLE,F000000009,01/12/2001,F000000005,01/12/2001
A000000802,CATTLE,F000000009,01/12/2001,F000000005,01/12/2001
A000000803,CATTLE,F000000009,01/12/2001,F000000005,01/12/2001
A000000804,CATTLE,F000000009,01/12/2001,F000000005,01/12/2001
A000000805,CATTLE,F000000009,01/12/2001,F000000005,01/12/2001
A000001401,CATTLE,F000000015,01/01/2002,F000000001,01/01/2002
A000001402,CATTLE,F000000015,01/01/2002,F000000001,01/01/2002
A000001403,CATTLE,F000000015,01/01/2002,F000000001,01/01/2002
A000001404,CATTLE,F000000015,01/01/2002,F000000001,01/01/2002
A000001405,CATTLE,F000000015,01/01/2002,F000000001,01/01/2002
A000001406,CATTLE,F000000015,01/01/2002,F000000001,01/01/2002
A000001407,CATTLE,F000000015,01/01/2002,F000000001,01/01/2002
A000001408,CATTLE,F000000015,01/01/2002,F000000001,01/01/2002
A000001101,CATTLE,F000000012,01/02/2002,F000000008,01/02/2002
A000001102,CATTLE,F000000012,01/02/2002,F000000008,01/02/2002
A000001103,CATTLE,F000000012,01/02/2002,F000000008,01/02/2002
A000001104,CATTLE,F000000012,01/02/2002,F000000008,01/02/2002
A000001105,CATTLE,F000000012,01/02/2002,F000000008,01/02/2002
A000001106,CATTLE,F000000012,01/02/2002,F000000008,01/02/2002
A000001107,CATTLE,F000000012,01/02/2002,F000000008,01/02/2002
A000001108,CATTLE,F000000012,01/02/2002,F000000008,01/02/2002
A000001109,CATTLE,F000000012,01/02/2002,F000000008,01/02/2002
A000001110,CATTLE,F000000012,01/02/2002,F000000008,01/02/2002
A000001111,CATTLE,F000000012,01/02/2002,F000000008,01/02/2002
A000001112,CATTLE,F000000012,01/02/2002,F000000008,01/02/2002
A000001113,CATTLE,F000000012,01/02/2002,F000000008,01/02/2002
A000001114,CATTLE,F000000012,01/02/2002,F000000008,01/02/2002
A000001115,CATTLE,F000000012,01/02/2002,F000000008,01/02/2002
A000001116,CATTLE,F000000012,01/02/2002,F000000008,01/02/2002
A000001117,CATTLE,F000000012,01/02/2002,F000000008,01/02/2002
A000001118,CATTLE,F000000012,01/02/2002,F000000008,01/02/2002
A000001119,CATTLE,F000000012,01/02/2002,F000000008,01/02/2002
A000001120,CATTLE,F000000012,01/02/2002,F000000008,01/02/2002
A000001121,CATTLE,F000000012,01/02/2002,F000000008,01/02/2002
A000000201,CATTLE,F000000003,01/04/2002,F000000004,01/04/2002
A000000202,CATTLE,F000000003,01/04/2002,F000000004,01/04/2002
A000000203,CATTLE,F000000003,01/04/2002,F000000004,01/04/2002
A000000204,CATTLE,F000000003,01/04/2002,F000000004,01/04/2002
A000000205,CATTLE,F000000003,01/04/2002,F000000004,01/04/2002
A000000206,CATTLE,F000000003,01/04/2002,F000000004,01/04/2002
A000000207,CATTLE,F000000003,01/04/2002,F000000004,01/04/2002
A000000208,CATTLE,F000000003,01/04/2002,F000000004,01/04/2002
A000000209,CATTLE,F000000003,01/04/2002,F000000004,01/04/2002
A000000210,CATTLE,F000000003,01/04/2002,F000000004,01/04/2002
A000000211,CATTLE,F000000003,01/04/2002,F000000004,01/04/2002
A000000212,CATTLE,F000000003,01/04/2002,F000000004,01/04/2002
A000000213,CATTLE,F000000003,01/04/2002,F000000004,01/04/2002
A000000214,CATTLE,F000000003,01/04/2002,F000000004,01/04/2002
A000000301,CATTLE,F000000004,01/12/2002,F000000005,01/12/2002
A000000302,CATTLE,F000000004,01/12/2002,F000000005,01/12/2002
A000000303,CATTLE,F000000004,01/12/2002,F000000005,01/12/2002
A000000304,CATTLE,F000000004,01/12/2002,F000000005,01/12/2002
A000000305,CATTLE,F000000004,01/12/2002,F000000005,01/12/2002
A000000306,CATTLE,F000000004,01/12/2002,F000000005,01/12/2002
A000000307,CATTLE,F000000004,01/12/2002,F000000005,01/12/2002
A000000308,CATTLE,F000000004,01/12/2002,F000000005,01/12/2002
A000000309,CATTLE,F000000004,01/12/2002,F000000005,01/12/2002
A000000310,CATTLE,F000000004,01/12/2002,F000000005,01/12/2002
A000000311,CATTLE,F000000004,01/12/2002,F000000005,01/12/2002
A000001122,CATTLE,F000000012,01/05/2003,F000000013,01/05/2003
A000001123,CATTLE,F000000012,01/05/2003,F000000013,01/05/2003
A000001124,CATTLE,F000000012,01/05/2003,F000000013,01/05/2003
A000001125,CATTLE,F000000012,01/05/2003,F000000013,01/05/2003
A000001126,CATTLE,F000000012,01/05/2003,F000000013,01/05/2003
A000001127,CATTLE,F000000012,01/05/2003,F000000013,01/05/2003
A000001128,CATTLE,F000000012,01/05/2003,F000000013,01/05/2003
A000001129,CATTLE,F000000012,01/05/2003,F000000013,01/05/2003
A000001130,CATTLE,F000000012,01/05/2003,F000000013,01/05/2003
A000001131,CATTLE,F000000012,01/05/2003,F000000013,01/05/2003
A000001132,CATTLE,F000000012,01/05/2003,F000000013,01/05/2003
A000001133,CATTLE,F000000012,01/05/2003,F000000013,01/05/2003
A000001134,CATTLE,F000000012,01/05/2003,F000000013,01/05/2003
A000001135,CATTLE,F000000012,01/05/2003,F000000013,01/05/2003
A000001136,CATTLE,F000000012,01/05/2003,F000000013,01/05/2003
A000001013,CATTLE,F000000011,01/08/2003,F000000005,01/08/2003
A000001014,CATTLE,F000000011,01/08/2003,F000000005,01/08/2003
A000001015,CATTLE,F000000011,01/08/2003,F000000005,01/08/2003
A000001016,CATTLE,F000000011,01/08/2003,F000000005,01/08/2003
A000001017,CATTLE,F000000011,01/08/2003,F000000005,01/08/2003
A000001018,CATTLE,F000000011,01/08/2003,F000000005,01/08/2003
A000001019,CATTLE,F000000011,01/08/2003,F000000005,01/08/2003
A000001020,CATTLE,F000000011,01/08/2003,F000000005,01/08/2003
A000001021,CATTLE,F000000011,01/08/2003,F000000005,01/08/2003
A000001022,CATTLE,F000000011,01/08/2003,F000000005,01/08/2003
A000001023,CATTLE,F000000011,01/08/2003,F000000005,01/08/2003
A000001301,CATTLE,F000000014,01/10/2003,F000000007,01/10/2003
A000001302,CATTLE,F000000014,01/10/2003,F000000007,01/10/2003
A000001303,CATTLE,F000000014,01/10/2003,F000000007,01/10/2003
A000001304,CATTLE,F000000014,01/10/2003,F000000007,01/10/2003
A000001305,CATTLE,F000000014,01/10/2003,F000000007,01/10/2003
A000001306,CATTLE,F000000014,01/10/2003,F000000007,01/10/2003
A000001307,CATTLE,F000000014,01/10/2003,F000000007,01/10/2003
A000001308,CATTLE,F000000014,01/10/2003,F000000007,01/10/2003
A000000806,CATTLE,F000000009,01/12/2003,F000000006,01/12/2003
A000000807,CATTLE,F000000009,01/12/2003,F000000006,01/12/2003
A000000808,CATTLE,F000000009,01/12/2003,F000000006,01/12/2003
A000000809,CATTLE,F000000009,01/12/2003,F000000006,01/12/2003
A000000810,CATTLE,F000000009,01/12/2003,F000000006,01/12/2003
A000000811,CATTLE,F000000009,01/12/2003,F000000006,01/12/2003
A000000812,CATTLE,F000000009,01/12/2003,F000000006,01/12/2003
A000000813,CATTLE,F000000009,01/12/2003,F000000006,01/12/2003
A000000814,CATTLE,F000000009,01/12/2003,F000000006,01/12/2003
A000000815,CATTLE,F000000009,01/12/2003,F000000006,01/12/2003
A000000816,CATTLE,F000000009,01/12/2003,F000000006,01/12/2003
A000000817,CATTLE,F000000009,01/12/2003,F000000006,01/12/2003
A000000818,CATTLE,F000000009,01/12/2003,F000000006,01/12/2003
A000001024,CATTLE,F000000011,01/03/2004,F000000012,01/03/2004
A000001025,CATTLE,F000000011,01/03/2004,F000000012,01/03/2004
A000001026,CATTLE,F000000011,01/03/2004,F000000012,01/03/2004
A000001027,CATTLE,F000000011,01/03/2004,F000000012,01/03/2004
A000001028,CATTLE,F000000011,01/03/2004,F000000012,01/03/2004
A000001029,CATTLE,F000000011,01/03/2004,F000000012,01/03/2004
A000001030,CATTLE,F000000011,01/03/2004,F000000012,01/03/2004
A000001031,CATTLE,F000000011,01/03/2004,F000000012,01/03/2004
A000001032,CATTLE,F000000011,01/03/2004,F000000012,01/03/2004
A000001033,CATTLE,F000000011,01/03/2004,F000000012,01/03/2004
A000001501,CATTLE,F000000016,01/04/2004,F000000005,01/04/2004
A000001502,CATTLE,F000000016,01/04/2004,F000000005,01/04/2004
A000001503,CATTLE,F000000016,01/04/2004,F000000005,01/04/2004
A000001504,CATTLE,F000000016,01/04/2004,F000000005,01/04/2004
A000001505,CATTLE,F000000016,01/04/2004,F000000005,01/04/2004
A000001506,CATTLE,F000000016,01/04/2004,F000000005,01/04/2004
A000001507,CATTLE,F000000016,01/04/2004,F000000005,01/04/2004
A000001508,CATTLE,F000000016,01/04/2004,F000000005,01/04/2004
A000001509,CATTLE,F000000016,01/04/2004,F000000005,01/04/2004
A000001510,CATTLE,F000000016,01/04/2004,F000000005,01/04/2004
A000001511,CATTLE,F000000016,01/04/2004,F000000005,01/04/2004
A000001512,CATTLE,F000000016,01/04/2004,F000000005,01/04/2004
A000001513,CATTLE,F000000016,01/04/2004,F000000005,01/04/2004
A000001514,CATTLE,F000000016,01/04/2004,F000000005,01/04/2004
A000001515,CATTLE,F000000016,01/04/2004,F000000005,01/04/2004
A000001516,CATTLE,F000000016,01/04/2004,F000000005,01/04/2004
A000001517,CATTLE,F000000016,01/04/2004,F000000005,01/04/2004
A000001518,CATTLE,F000000016,01/04/2004,F000000005,01/04/2004
A000001519,CATTLE,F000000016,01/04/2004,F000000005,01/04/2004
A000001520,CATTLE,F000000016,01/04/2004,F000000005,01/04/2004
A000001521,CATTLE,F000000016,01/04/2004,F000000005,01/04/2004
A000001522,CATTLE,F000000016,01/04/2004,F000000005,01/04/2004
A000001523,CATTLE,F000000016,01/04/2004,F000000005,01/04/2004
A000001524,CATTLE,F000000016,01/04/2004,F000000005,01/04/2004
A000001932,CATTLE,F000000020,01/05/2004,F000000008,01/05/2004
A000001933,CATTLE,F000000020,01/05/2004,F000000008,01/05/2004
A000001934,CATTLE,F000000020,01/05/2004,F000000008,01/05/2004
A000001935,CATTLE,F000000020,01/05/2004,F000000008,01/05/2004
A000001936,CATTLE,F000000020,01/05/2004,F000000008,01/05/2004
A000001937,CATTLE,F000000020,01/05/2004,F000000008,01/05/2004
A000001938,CATTLE,F000000020,01/05/2004,F000000008,01/05/2004
A000001939,CATTLE,F000000020,01/05/2004,F000000008,01/05/2004
A000001940,CATTLE,F000000020,01/05/2004,F000000008,01/05/2004
A000001941,CATTLE,F000000020,01/05/2004,F000000008,01/05/2004
A000001137,CATTLE,F000000012,01/06/2004,F000000006,01/06/2004
A000001138,CATTLE,F000000012,01/06/2004,F000000006,01/06/2004
A000001139,CATTLE,F000000012,01/06/2004,F000000006,01/06/2004
A000001140,CATTLE,F000000012,01/06/2004,F000000006,01/06/2004
A000001141,CATTLE,F000000012,01/06/2004,F000000006,01/06/2004
A000001142,CATTLE,F000000012,01/06/2004,F000000006,01/06/2004
A000001143,CATTLE,F000000012,01/06/2004,F000000006,01/06/2004
A000001144,CATTLE,F000000012,01/06/2004,F000000006,01/06/2004
A000001145,CATTLE,F000000012,01/06/2004,F000000006,01/06/2004
A000001146,CATTLE,F000000012,01/06/2004,F000000006,01/06/2004
A000001147,CATTLE,F000000012,01/06/2004,F000000006,01/06/2004
A000001148,CATTLE,F000000012,01/06/2004,F000000006,01/06/2004
A000001149,CATTLE,F000000012,01/06/2004,F000000006,01/06/2004
A000001150,CATTLE,F000000012,01/06/2004,F000000006,01/06/2004
A000001151,CATTLE,F000000012,01/06/2004,F000000006,01/06/2004
A000001152,CATTLE,F000000012,01/06/2004,F000000006,01/06/2004
A000001201,CATTLE,F000000013,01/07/2004,F000000011,01/07/2004
A000001202,CATTLE,F000000013,01/07/2004,F000000011,01/07/2004
A000001203,CATTLE,F000000013,01/07/2004,F000000011,01/07/2004
A000001204,CATTLE,F000000013,01/07/2004,F000000011,01/07/2004
A000001205,CATTLE,F000000013,01/07/2004,F000000011,01/07/2004
A000000906,CATTLE,F000000010,01/08/2004,F000000001,01/08/2004
A000000907,CATTLE,F000000010,01/08/2004,F000000001,01/08/2004
A000000908,CATTLE,F000000010,01/08/2004,F000000001,01/08/2004
A000000909,CATTLE,F000000010,01/08/2004,F000000001,01/08/2004
A000000910,CATTLE,F000000010,01/08/2004,F000000001,01/08/2004
A000000911,CATTLE,F000000010,01/08/2004,F000000001,01/08/2004
A000000912,CATTLE,F000000010,01/08/2004,F000000001,01/08/2004
A000000913,CATTLE,F000000010,01/08/2004,F000000001,01/08/2004
A000000914,CATTLE,F000000010,01/08/2004,F000000001,01/08/2004
A000000915,CATTLE,F000000010,01/08/2004,F000000001,01/08/2004
A000000916,CATTLE,F000000010,01/08/2004,F000000001,01/08/2004
A000000917,CATTLE,F000000010,01/08/2004,F000000001,01/08/2004
A000000918,CATTLE,F000000010,01/08/2004,F000000001,01/08/2004
A000000919,CATTLE,F000000010,01/08/2004,F000000001,01/08/2004
A000000920,CATTLE,F000000010,01/08/2004,F000000001,01/08/2004
A000000921,CATTLE,F000000010,01/08/2004,F000000001,01/08/2004
A000000922,CATTLE,F000000010,01/08/2004,F000000001,01/08/2004
A000000923,CATTLE,F000000010,01/01/2005,F000000011,01/01/2005
A000000924,CATTLE,F000000010,01/01/2005,F000000011,01/01/2005
A000000925,CATTLE,F000000010,01/01/2005,F000000011,01/01/2005
A000000926,CATTLE,F000000010,01/01/2005,F000000011,01/01/2005
A000000927,CATTLE,F000000010,01/01/2005,F000000011,01/01/2005
A000000928,CATTLE,F000000010,01/01/2005,F000000011,01/01/2005
A000000929,CATTLE,F000000010,01/01/2005,F000000011,01/01/2005
A000000930,CATTLE,F000000010,01/01/2005,F000000011,01/01/2005
A000000931,CATTLE,F000000010,01/01/2005,F000000011,01/01/2005
A000000932,CATTLE,F000000010,01/01/2005,F000000011,01/01/2005
A000000933,CATTLE,F000000010,01/01/2005,F000000011,01/01/2005
A000000934,CATTLE,F000000010,01/01/2005,F000000011,01/01/2005
A000002074,CATTLE,F000000001,01/02/2005,F000000002,01/02/2005
A000002075,CATTLE,F000000001,01/02/2005,F000000002,01/02/2005
A000002076,CATTLE,F000000001,01/02/2005,F000000002,01/02/2005
A000002077,CATTLE,F000000001,01/02/2005,F000000002,01/02/2005
A000002156,CATTLE,F000000001,01/02/2005,F000000002,01/02/2005
A000002157,CATTLE,F000000001,01/02/2005,F000000002,01/02/2005
A000002158,CATTLE,F000000001,01/02/2005,F000000002,01/02/2005
A000002159,CATTLE,F000000001,01/02/2005,F000000002,01/02/2005
A000002160,CATTLE,F000000001,01/02/2005,F000000002,01/02/2005
A000002236,CATTLE,F000000001,01/02/2005,F000000002,01/02/2005
A000002237,CATTLE,F000000001,01/02/2005,F000000002,01/02/2005
A000002238,CATTLE,F000000001,01/02/2005,F000000002,01/02/2005
A000002239,CATTLE,F000000001,01/02/2005,F000000002,01/02/2005
A000002240,CATTLE,F000000001,01/02/2005,F000000002,01/02/2005
A000002043,CATTLE,F000000012,01/03/2005,F000000013,01/03/2005
A000002044,CATTLE,F000000012,01/03/2005,F000000013,01/03/2005
A000002045,CATTLE,F000000012,01/03/2005,F000000013,01/03/2005
A000002046,CATTLE,F000000012,01/03/2005,F000000013,01/03/2005
A000002047,CATTLE,F000000012,01/03/2005,F000000013,01/03/2005
A000002115,CATTLE,F000000012,01/03/2005,F000000013,01/03/2005
A000002116,CATTLE,F000000012,01/03/2005,F000000013,01/03/2005
A000002117,CATTLE,F000000012,01/03/2005,F000000013,01/03/2005
A000002118,CATTLE,F000000012,01/03/2005,F000000013,01/03/2005
A000002119,CATTLE,F000000012,01/03/2005,F000000013,01/03/2005
A000002189,CATTLE,F000000012,01/03/2005,F000000013,01/03/2005
A000002190,CATTLE,F000000012,01/03/2005,F000000013,01/03/2005
A000002191,CATTLE,F000000012,01/03/2005,F000000013,01/03/2005
A000002270,CATTLE,F000000012,01/03/2005,F000000013,01/03/2005
A000002271,CATTLE,F000000012,01/03/2005,F000000013,01/03/2005
A000002272,CATTLE,F000000012,01/03/2005,F000000013,01/03/2005
A000002347,CATTLE,F000000012,01/03/2005,F000000013,01/03/2005
A000002348,CATTLE,F000000012,01/03/2005,F000000013,01/03/2005
A000002349,CATTLE,F000000012,01/03/2005,F000000013,01/03/2005
A000002350,CATTLE,F000000012,01/03/2005,F000000013,01/03/2005
A000002129,CATTLE,F000000016,01/04/2005,F000000017,01/04/2005
A000002130,CATTLE,F000000016,01/04/2005,F000000017,01/04/2005
A000002131,CATTLE,F000000016,01/04/2005,F000000017,01/04/2005
A000002132,CATTLE,F000000016,01/04/2005,F000000017,01/04/2005
A000002133,CATTLE,F000000016,01/04/2005,F000000017,01/04/2005
A000002213,CATTLE,F000000016,01/04/2005,F000000017,01/04/2005
A000002214,CATTLE,F000000016,01/04/2005,F000000017,01/04/2005
A000002215,CATTLE,F000000016,01/04/2005,F000000017,01/04/2005
A000002281,CATTLE,F000000016,01/04/2005,F000000017,01/04/2005
A000002282,CATTLE,F000000016,01/04/2005,F000000017,01/04/2005
A000002283,CATTLE,F000000016,01/04/2005,F000000017,01/04/2005
A000002284,CATTLE,F000000016,01/04/2005,F000000017,01/04/2005
A000002285,CATTLE,F000000016,01/04/2005,F000000017,01/04/2005
A000002365,CATTLE,F000000016,01/04/2005,F000000017,01/04/2005
A000002366,CATTLE,F000000016,01/04/2005,F000000017,01/04/2005
A000002367,CATTLE,F000000016,01/04/2005,F000000017,01/04/2005
A000002368,CATTLE,F000000016,01/04/2005,F000000017,01/04/2005
A000002369,CATTLE,F000000016,01/04/2005,F000000017,01/04/2005
A000002072,CATTLE,F000000020,01/07/2005,F000000018,01/07/2005
A000002073,CATTLE,F000000020,01/07/2005,F000000018,01/07/2005
A000002155,CATTLE,F000000020,01/07/2005,F000000018,01/07/2005
A000002228,CATTLE,F000000020,01/07/2005,F000000018,01/07/2005
A000002229,CATTLE,F000000020,01/07/2005,F000000018,01/07/2005
A000002230,CATTLE,F000000020,01/07/2005,F000000018,01/07/2005
A000002231,CATTLE,F000000020,01/07/2005,F000000018,01/07/2005
A000002232,CATTLE,F000000020,01/07/2005,F000000018,01/07/2005
A000002430,CATTLE,F000000012,01/09/2005,F000000013,01/09/2005
A000002431,CATTLE,F000000012,01/09/2005,F000000013,01/09/2005
A000002432,CATTLE,F000000012,01/09/2005,F000000013,01/09/2005
A000002433,CATTLE,F000000012,01/09/2005,F000000013,01/09/2005
A000002434,CATTLE,F000000012,01/09/2005,F000000013,01/09/2005
A000002435,CATTLE,F000000012,01/09/2005,F000000013,01/09/2005
A000002436,CATTLE,F000000012,01/09/2005,F000000013,01/09/2005
A000002437,CATTLE,F000000012,01/09/2005,F000000013,01/09/2005
A000002438,CATTLE,F000000012,01/09/2005,F000000013,01/09/2005
A000002526,CATTLE,F000000012,01/09/2005,F000000013,01/09/2005
A000002527,CATTLE,F000000012,01/09/2005,F000000013,01/09/2005
A000002528,CATTLE,F000000012,01/09/2005,F000000013,01/09/2005
A000002529,CATTLE,F000000012,01/09/2005,F000000013,01/09/2005
A000002530,CATTLE,F000000012,01/09/2005,F000000013,01/09/2005
A000002626,CATTLE,F000000012,01/09/2005,F000000013,01/09/2005
A000002627,CATTLE,F000000012,01/09/2005,F000000013,01/09/2005
A000002628,CATTLE,F000000012,01/09/2005,F000000013,01/09/2005
A000002233,CATTLE,F000000020,01/10/2005,F000000019,01/10/2005
A000002234,CATTLE,F000000020,01/10/2005,F000000019,01/10/2005
A000002235,CATTLE,F000000020,01/10/2005,F000000019,01/10/2005
A000002298,CATTLE,F000000020,01/10/2005,F000000019,01/10/2005
A000002299,CATTLE,F000000020,01/10/2005,F000000019,01/10/2005
A000002300,CATTLE,F000000020,01/10/2005,F000000019,01/10/2005
A000002301,CATTLE,F000000020,01/10/2005,F000000019,01/10/2005
A000002302,CATTLE,F000000020,01/10/2005,F000000019,01/10/2005
A000002382,CATTLE,F000000020,01/10/2005,F000000019,01/10/2005
A000002476,CATTLE,F000000020,01/10/2005,F000000019,01/10/2005
A000002477,CATTLE,F000000020,01/10/2005,F000000019,01/10/2005
A000002562,CATTLE,F000000020,01/10/2005,F000000019,01/10/2005
A000002563,CATTLE,F000000020,01/10/2005,F000000019,01/10/2005
A000002564,CATTLE,F000000020,01/10/2005,F000000019,01/10/2005
A000002565,CATTLE,F000000020,01/10/2005,F000000019,01/10/2005
A000002566,CATTLE,F000000020,01/10/2005,F000000019,01/10/2005
A000002567,CATTLE,F000000020,01/10/2005,F000000019,01/10/2005
A000002568,CATTLE,F000000020,01/10/2005,F000000019,01/10/2005
A000002569,CATTLE,F000000020,01/10/2005,F000000019,01/10/2005
A000002570,CATTLE,F000000020,01/10/2005,F000000019,01/10/2005
A000002666,CATTLE,F000000020,01/10/2005,F000000019,01/10/2005
A000002667,CATTLE,F000000020,01/10/2005,F000000019,01/10/2005
A000002668,CATTLE,F000000020,01/10/2005,F000000019,01/10/2005
A000002669,CATTLE,F000000020,01/10/2005,F000000019,01/10/2005
A000002177,CATTLE,F000000005,01/11/2005,F000000006,01/11/2005
A000002178,CATTLE,F000000005,01/11/2005,F000000006,01/11/2005
A000002252,CATTLE,F000000005,01/11/2005,F000000006,01/11/2005
A000002253,CATTLE,F000000005,01/11/2005,F000000006,01/11/2005
A000002254,CATTLE,F000000005,01/11/2005,F000000006,01/11/2005
A000002330,CATTLE,F000000005,01/11/2005,F000000006,01/11/2005
A000002398,CATTLE,F000000005,01/11/2005,F000000006,01/11/2005
A000002399,CATTLE,F000000005,01/11/2005,F000000006,01/11/2005
A000002400,CATTLE,F000000005,01/11/2005,F000000006,01/11/2005
A000002592,CATTLE,F000000005,01/11/2005,F000000006,01/11/2005
A000002755,CATTLE,F000000005,01/11/2005,F000000006,01/11/2005
A000002756,CATTLE,F000000005,01/11/2005,F000000006,01/11/2005
A000002757,CATTLE,F000000005,01/11/2005,F000000006,01/11/2005
A000002758,CATTLE,F000000005,01/11/2005,F000000006,01/11/2005
A000002832,CATTLE,F000000005,01/11/2005,F000000006,01/11/2005
A000002833,CATTLE,F000000005,01/11/2005,F000000006,01/11/2005
A000002834,CATTLE,F000000005,01/11/2005,F000000006,01/11/2005
A000002629,CATTLE,F000000012,01/02/2006,F000000005,01/02/2006
A000002630,CATTLE,F000000012,01/02/2006,F000000005,01/02/2006
A000002631,CATTLE,F000000012,01/02/2006,F000000005,01/02/2006
A000002632,CATTLE,F000000012,01/02/2006,F000000005,01/02/2006
A000002633,CATTLE,F000000012,01/02/2006,F000000005,01/02/2006
A000002703,CATTLE,F000000012,01/02/2006,F000000005,01/02/2006
A000002704,CATTLE,F000000012,01/02/2006,F000000005,01/02/2006
A000002705,CATTLE,F000000012,01/02/2006,F000000005,01/02/2006
A000002706,CATTLE,F000000012,01/02/2006,F000000005,01/02/2006
A000002707,CATTLE,F000000012,01/02/2006,F000000005,01/02/2006
A000002708,CATTLE,F000000012,01/02/2006,F000000005,01/02/2006
A000002709,CATTLE,F000000012,01/02/2006,F000000005,01/02/2006
A000002710,CATTLE,F000000012,01/02/2006,F000000005,01/02/2006
A000002796,CATTLE,F000000012,01/02/2006,F000000005,01/02/2006
A000002797,CATTLE,F000000012,01/02/2006,F000000005,01/02/2006
A000002864,CATTLE,F000000012,01/02/2006,F000000005,01/02/2006
A000003060,CATTLE,F000000012,01/02/2006,F000000005,01/02/2006
A000003061,CATTLE,F000000012,01/02/2006,F000000005,01/02/2006
A000003062,CATTLE,F000000012,01/02/2006,F000000005,01/02/2006
A000002048,CATTLE,F000000013,01/03/2006,F000000001,01/03/2006
A000002049,CATTLE,F000000013,01/03/2006,F000000001,01/03/2006
A000002050,CATTLE,F000000013,01/03/2006,F000000001,01/03/2006
A000002051,CATTLE,F000000013,01/03/2006,F000000001,01/03/2006
A000002052,CATTLE,F000000013,01/03/2006,F000000001,01/03/2006
A000002053,CATTLE,F000000013,01/03/2006,F000000001,01/03/2006
A000002054,CATTLE,F000000013,01/03/2006,F000000001,01/03/2006
A000002120,CATTLE,F000000013,01/03/2006,F000000001,01/03/2006
A000002121,CATTLE,F000000013,01/03/2006,F000000001,01/03/2006
A000002122,CATTLE,F000000013,01/03/2006,F000000001,01/03/2006
A000002123,CATTLE,F000000013,01/03/2006,F000000001,01/03/2006
A000002192,CATTLE,F000000013,01/03/2006,F000000001,01/03/2006
A000002193,CATTLE,F000000013,01/03/2006,F000000001,01/03/2006
A000002194,CATTLE,F000000013,01/03/2006,F000000001,01/03/2006
A000002195,CATTLE,F000000013,01/03/2006,F000000001,01/03/2006
A000002196,CATTLE,F000000013,01/03/2006,F000000001,01/03/2006
A000002273,CATTLE,F000000013,01/03/2006,F000000001,01/03/2006
A000002274,CATTLE,F000000013,01/03/2006,F000000001,01/03/2006
A000002275,CATTLE,F000000013,01/03/2006,F000000001,01/03/2006
A000002024,CATTLE,F000000007,01/04/2006,F000000008,01/04/2006
A000002025,CATTLE,F000000007,01/04/2006,F000000008,01/04/2006
A000002026,CATTLE,F000000007,01/04/2006,F000000008,01/04/2006
A000002027,CATTLE,F000000007,01/04/2006,F000000008,01/04/2006
A000002028,CATTLE,F000000007,01/04/2006,F000000008,01/04/2006
A000002092,CATTLE,F000000007,01/04/2006,F000000008,01/04/2006
A000002179,CATTLE,F000000007,01/04/2006,F000000008,01/04/2006
A000002180,CATTLE,F000000007,01/04/2006,F000000008,01/04/2006
A000002181,CATTLE,F000000007,01/04/2006,F000000008,01/04/2006
A000002182,CATTLE,F000000007,01/04/2006,F000000008,01/04/2006
A000002183,CATTLE,F000000007,01/04/2006,F000000008,01/04/2006
A000002260,CATTLE,F000000007,01/04/2006,F000000008,01/04/2006
A000002261,CATTLE,F000000007,01/04/2006,F000000008,01/04/2006
A000002001,CATTLE,F000000002,01/05/2006,F000000003,01/05/2006
A000002002,CATTLE,F000000002,01/05/2006,F000000003,01/05/2006
A000002003,CATTLE,F000000002,01/05/2006,F000000003,01/05/2006
A000002004,CATTLE,F000000002,01/05/2006,F000000003,01/05/2006
A000002005,CATTLE,F000000002,01/05/2006,F000000003,01/05/2006
A000002006,CATTLE,F000000002,01/05/2006,F000000003,01/05/2006
A000002007,CATTLE,F000000002,01/05/2006,F000000003,01/05/2006
A000002008,CATTLE,F000000002,01/05/2006,F000000003,01/05/2006
A000002009,CATTLE,F000000002,01/05/2006,F000000003,01/05/2006
A000002078,CATTLE,F000000002,01/05/2006,F000000003,01/05/2006
A000002079,CATTLE,F000000002,01/05/2006,F000000003,01/05/2006
A000002080,CATTLE,F000000002,01/05/2006,F000000003,01/05/2006
A000002161,CATTLE,F000000002,01/05/2006,F000000003,01/05/2006
A000002162,CATTLE,F000000002,01/05/2006,F000000003,01/05/2006
A000002163,CATTLE,F000000002,01/05/2006,F000000003,01/05/2006
A000002164,CATTLE,F000000002,01/05/2006,F000000003,01/05/2006
A000002165,CATTLE,F000000002,01/05/2006,F000000003,01/05/2006
A000002166,CATTLE,F000000002,01/05/2006,F000000003,01/05/2006
A000002167,CATTLE,F000000002,01/05/2006,F000000003,01/05/2006
A000002168,CATTLE,F000000002,01/05/2006,F000000003,01/05/2006
A000002058,CATTLE,F000000017,01/07/2006,F000000018,01/07/2006
A000002059,CATTLE,F000000017,01/07/2006,F000000018,01/07/2006
A000002060,CATTLE,F000000017,01/07/2006,F000000018,01/07/2006
A000002061,CATTLE,F000000017,01/07/2006,F000000018,01/07/2006
A000002062,CATTLE,F000000017,01/07/2006,F000000018,01/07/2006
A000002063,CATTLE,F000000017,01/07/2006,F000000018,01/07/2006
A000002134,CATTLE,F000000017,01/07/2006,F000000018,01/07/2006
A000002135,CATTLE,F000000017,01/07/2006,F000000018,01/07/2006
A000002136,CATTLE,F000000017,01/07/2006,F000000018,01/07/2006
A000002137,CATTLE,F000000017,01/07/2006,F000000018,01/07/2006
A000002138,CATTLE,F000000017,01/07/2006,F000000018,01/07/2006
A000002216,CATTLE,F000000017,01/07/2006,F000000018,01/07/2006
A000002217,CATTLE,F000000017,01/07/2006,F000000018,01/07/2006
A000002218,CATTLE,F000000017,01/07/2006,F000000018,01/07/2006
A000002219,CATTLE,F000000017,01/07/2006,F000000018,01/07/2006
A000002286,CATTLE,F000000017,01/07/2006,F000000018,01/07/2006
A000002287,CATTLE,F000000017,01/07/2006,F000000018,01/07/2006
A000002288,CATTLE,F000000017,01/07/2006,F000000018,01/07/2006
A000002289,CATTLE,F000000017,01/07/2006,F000000018,01/07/2006
A000002370,CATTLE,F000000017,01/07/2006,F000000018,01/07/2006
A000002332,CATTLE,F000000007,01/08/2006,F000000008,01/08/2006
A000002333,CATTLE,F000000007,01/08/2006,F000000008,01/08/2006
A000002404,CATTLE,F000000007,01/08/2006,F000000008,01/08/2006
A000002405,CATTLE,F000000007,01/08/2006,F000000008,01/08/2006
A000002406,CATTLE,F000000007,01/08/2006,F000000008,01/08/2006
A000002407,CATTLE,F000000007,01/08/2006,F000000008,01/08/2006
A000002595,CATTLE,F000000007,01/08/2006,F000000008,01/08/2006
A000002596,CATTLE,F000000007,01/08/2006,F000000008,01/08/2006
A000002597,CATTLE,F000000007,01/08/2006,F000000008,01/08/2006
A000002598,CATTLE,F000000007,01/08/2006,F000000008,01/08/2006
A000002599,CATTLE,F000000007,01/08/2006,F000000008,01/08/2006
A000002600,CATTLE,F000000007,01/08/2006,F000000008,01/08/2006
A000002601,CATTLE,F000000007,01/08/2006,F000000008,01/08/2006
A000002767,CATTLE,F000000007,01/08/2006,F000000008,01/08/2006
A000002768,CATTLE,F000000007,01/08/2006,F000000008,01/08/2006
A000002769,CATTLE,F000000007,01/08/2006,F000000008,01/08/2006
A000002770,CATTLE,F000000007,01/08/2006,F000000008,01/08/2006
A000002771,CATTLE,F000000007,01/08/2006,F000000008,01/08/2006
A000002772,CATTLE,F000000007,01/08/2006,F000000008,01/08/2006
A000002773,CATTLE,F000000007,01/08/2006,F000000008,01/08/2006
A000003063,CATTLE,F000000012,01/10/2006,F000000006,01/10/2006
A000003064,CATTLE,F000000012,01/10/2006,F000000006,01/10/2006
A000003065,CATTLE,F000000012,01/10/2006,F000000006,01/10/2006
A000003066,CATTLE,F000000012,01/10/2006,F000000006,01/10/2006
A000003067,CATTLE,F000000012,01/10/2006,F000000006,01/10/2006
A000003068,CATTLE,F000000012,01/10/2006,F000000006,01/10/2006
A000003160,CATTLE,F000000012,01/10/2006,F000000006,01/10/2006
A000003161,CATTLE,F000000012,01/10/2006,F000000006,01/10/2006
A000003162,CATTLE,F000000012,01/10/2006,F000000006,01/10/2006
A000003251,CATTLE,F000000012,01/10/2006,F000000006,01/10/2006
A000003252,CATTLE,F000000012,01/10/2006,F000000006,01/10/2006
A000003253,CATTLE,F000000012,01/10/2006,F000000006,01/10/2006
A000003254,CATTLE,F000000012,01/10/2006,F000000006,01/10/2006
A000002841,CATTLE,F000000007,01/11/2006,F000000008,01/11/2006
A000002842,CATTLE,F000000007,01/11/2006,F000000008,01/11/2006
A000002843,CATTLE,F000000007,01/11/2006,F000000008,01/11/2006
A000002844,CATTLE,F000000007,01/11/2006,F000000008,01/11/2006
A000002845,CATTLE,F000000007,01/11/2006,F000000008,01/11/2006
A000002846,CATTLE,F000000007,01/11/2006,F000000008,01/11/2006
A000002847,CATTLE,F000000007,01/11/2006,F000000008,01/11/2006
A000002848,CATTLE,F000000007,01/11/2006,F000000008,01/11/2006
A000002934,CATTLE,F000000007,01/11/2006,F000000008,01/11/2006
A000003041,CATTLE,F000000007,01/11/2006,F000000008,01/11/2006
A000003142,CATTLE,F000000007,01/11/2006,F000000008,01/11/2006
A000003143,CATTLE,F000000007,01/11/2006,F000000008,01/11/2006
A000003144,CATTLE,F000000007,01/03/2007,F000000008,01/03/2007
A000003145,CATTLE,F000000007,01/03/2007,F000000008,01/03/2007
A000003146,CATTLE,F000000007,01/03/2007,F000000008,01/03/2007
A000003147,CATTLE,F000000007,01/03/2007,F000000008,01/03/2007
A000003148,CATTLE,F000000007,01/03/2007,F000000008,01/03/2007
A000003227,CATTLE,F000000007,01/03/2007,F000000008,01/03/2007
A000003228,CATTLE,F000000007,01/03/2007,F000000008,01/03/2007
A000003229,CATTLE,F000000007,01/03/2007,F000000008,01/03/2007
A000003230,CATTLE,F000000007,01/03/2007,F000000008,01/03/2007
A000003231,CATTLE,F000000007,01/03/2007,F000000008,01/03/2007
A000003232,CATTLE,F000000007,01/03/2007,F000000008,01/03/2007
A000003332,CATTLE,F000000007,01/03/2007,F000000008,01/03/2007
A000003333,CATTLE,F000000007,01/03/2007,F000000008,01/03/2007
A000002276,CATTLE,F000000013,01/04/2007,F000000014,01/04/2007
A000002351,CATTLE,F000000013,01/04/2007,F000000014,01/04/2007
A000002352,CATTLE,F000000013,01/04/2007,F000000014,01/04/2007
A000002353,CATTLE,F000000013,01/04/2007,F000000014,01/04/2007
A000002354,CATTLE,F000000013,01/04/2007,F000000014,01/04/2007
A000002355,CATTLE,F000000013,01/04/2007,F000000014,01/04/2007
A000002356,CATTLE,F000000013,01/04/2007,F000000014,01/04/2007
A000002357,CATTLE,F000000013,01/04/2007,F000000014,01/04/2007
A000002358,CATTLE,F000000013,01/04/2007,F000000014,01/04/2007
A000002439,CATTLE,F000000013,01/04/2007,F000000014,01/04/2007
A000002440,CATTLE,F000000013,01/04/2007,F000000014,01/04/2007
A000002441,CATTLE,F000000013,01/04/2007,F000000014,01/04/2007
A000002442,CATTLE,F000000013,01/04/2007,F000000014,01/04/2007
A000002443,CATTLE,F000000013,01/04/2007,F000000014,01/04/2007
A000002444,CATTLE,F000000013,01/04/2007,F000000014,01/04/2007
A000002531,CATTLE,F000000013,01/04/2007,F000000014,01/04/2007
A000002532,CATTLE,F000000013,01/04/2007,F000000014,01/04/2007
A000002533,CATTLE,F000000013,01/04/2007,F000000014,01/04/2007
A000002534,CATTLE,F000000013,01/04/2007,F000000014,01/04/2007
A000002535,CATTLE,F000000013,01/04/2007,F000000014,01/04/2007
A000002456,CATTLE,F000000016,01/05/2007,F000000001,01/05/2007
A000002457,CATTLE,F000000016,01/05/2007,F000000001,01/05/2007
A000002458,CATTLE,F000000016,01/05/2007,F000000001,01/05/2007
A000002459,CATTLE,F000000016,01/05/2007,F000000001,01/05/2007
A000002460,CATTLE,F000000016,01/05/2007,F000000001,01/05/2007
A000002461,CATTLE,F000000016,01/05/2007,F000000001,01/05/2007
A000002462,CATTLE,F000000016,01/05/2007,F000000001,01/05/2007
A000002463,CATTLE,F000000016,01/05/2007,F000000001,01/05/2007
A000002648,CATTLE,F000000016,01/05/2007,F000000001,01/05/2007
A000002649,CATTLE,F000000016,01/05/2007,F000000001,01/05/2007
A000002719,CATTLE,F000000016,01/05/2007,F000000001,01/05/2007
A000002720,CATTLE,F000000016,01/05/2007,F000000001,01/05/2007
A000002804,CATTLE,F000000016,01/05/2007,F000000001,01/05/2007
A000002805,CATTLE,F000000016,01/05/2007,F000000001,01/05/2007
A000002806,CATTLE,F000000016,01/05/2007,F000000001,01/05/2007
A000002873,CATTLE,F000000016,01/05/2007,F000000001,01/05/2007
A000002874,CATTLE,F000000016,01/05/2007,F000000001,01/05/2007
A000002875,CATTLE,F000000016,01/05/2007,F000000001,01/05/2007
A000002876,CATTLE,F000000016,01/05/2007,F000000001,01/05/2007
A000002877,CATTLE,F000000016,01/05/2007,F000000001,01/05/2007
A000003353,CATTLE,F000000012,01/07/2007,F000000013,01/07/2007
A000003354,CATTLE,F000000012,01/07/2007,F000000013,01/07/2007
A000003447,CATTLE,F000000012,01/07/2007,F000000013,01/07/2007
A000003448,CATTLE,F000000012,01/07/2007,F000000013,01/07/2007
A000003532,CATTLE,F000000012,01/07/2007,F000000013,01/07/2007
A000003533,CATTLE,F000000012,01/07/2007,F000000013,01/07/2007
A000003534,CATTLE,F000000012,01/07/2007,F000000013,01/07/2007
A000003535,CATTLE,F000000012,01/07/2007,F000000013,01/07/2007
A000003612,CATTLE,F000000012,01/07/2007,F000000013,01/07/2007
A000002670,CATTLE,F000000020,01/09/2007,F000000011,01/09/2007
A000002671,CATTLE,F000000020,01/09/2007,F000000011,01/09/2007
A000002672,CATTLE,F000000020,01/09/2007,F000000011,01/09/2007
A000002673,CATTLE,F000000020,01/09/2007,F000000011,01/09/2007
A000002674,CATTLE,F000000020,01/09/2007,F000000011,01/09/2007
A000002732,CATTLE,F000000020,01/09/2007,F000000011,01/09/2007
A000002733,CATTLE,F000000020,01/09/2007,F000000011,01/09/2007
A000002734,CATTLE,F000000020,01/09/2007,F000000011,01/09/2007
A000002735,CATTLE,F000000020,01/09/2007,F000000011,01/09/2007
A000002736,CATTLE,F000000020,01/09/2007,F000000011,01/09/2007
A000002737,CATTLE,F000000020,01/09/2007,F000000011,01/09/2007
A000002738,CATTLE,F000000020,01/09/2007,F000000011,01/09/2007
A000002739,CATTLE,F000000020,01/09/2007,F000000011,01/09/2007
A000002811,CATTLE,F000000020,01/09/2007,F000000011,01/09/2007
A000002812,CATTLE,F000000020,01/09/2007,F000000011,01/09/2007
A000002813,CATTLE,F000000020,01/09/2007,F000000011,01/09/2007
A000002814,CATTLE,F000000020,01/09/2007,F000000011,01/09/2007
A000002896,CATTLE,F000000020,01/09/2007,F000000011,01/09/2007
A000002897,CATTLE,F000000020,01/09/2007,F000000011,01/09/2007
A000003002,CATTLE,F000000020,01/09/2007,F000000011,01/09/2007
A000003003,CATTLE,F000000020,01/09/2007,F000000011,01/09/2007
A000003431,CATTLE,F000000007,01/11/2007,F000000008,01/11/2007
A000003432,CATTLE,F000000007,01/11/2007,F000000008,01/11/2007
A000003433,CATTLE,F000000007,01/11/2007,F000000008,01/11/2007
A000003434,CATTLE,F000000007,01/11/2007,F000000008,01/11/2007
A000003435,CATTLE,F000000007,01/11/2007,F000000008,01/11/2007
A000003515,CATTLE,F000000007,01/11/2007,F000000008,01/11/2007
A000003516,CATTLE,F000000007,01/11/2007,F000000008,01/11/2007
A000003517,CATTLE,F000000007,01/11/2007,F000000008,01/11/2007
A000003581,CATTLE,F000000007,01/11/2007,F000000008,01/11/2007
A000003582,CATTLE,F000000007,01/11/2007,F000000008,01/11/2007
A000003583,CATTLE,F000000007,01/11/2007,F000000008,01/11/2007
A000003584,CATTLE,F000000007,01/11/2007,F000000008,01/11/2007
A000002835,CATTLE,F000000005,01/12/2007,F000000006,01/12/2007
A000002836,CATTLE,F000000005,01/12/2007,F000000006,01/12/2007
A000002837,CATTLE,F000000005,01/12/2007,F000000006,01/12/2007
A000002838,CATTLE,F000000005,01/12/2007,F000000006,01/12/2007
A000002839,CATTLE,F000000005,01/12/2007,F000000006,01/12/2007
A000002840,CATTLE,F000000005,01/12/2007,F000000006,01/12/2007
A000002924,CATTLE,F000000005,01/12/2007,F000000006,01/12/2007
A000002925,CATTLE,F000000005,01/12/2007,F000000006,01/12/2007
A000003031,CATTLE,F000000005,01/12/2007,F000000006,01/12/2007
A000002016,CATTLE,F000000004,01/02/2008,F000000005,01/02/2008
A000002017,CATTLE,F000000004,01/02/2008,F000000005,01/02/2008
A000002018,CATTLE,F000000004,01/02/2008,F000000005,01/02/2008
A000002019,CATTLE,F000000004,01/02/2008,F000000005,01/02/2008
A000002020,CATTLE,F000000004,01/02/2008,F000000005,01/02/2008
A000002021,CATTLE,F000000004,01/02/2008,F000000005,01/02/2008
A000002022,CATTLE,F000000004,01/02/2008,F000000005,01/02/2008
A000002086,CATTLE,F000000004,01/02/2008,F000000005,01/02/2008
A000002087,CATTLE,F000000004,01/02/2008,F000000005,01/02/2008
A000002088,CATTLE,F000000004,01/02/2008,F000000005,01/02/2008
A000002089,CATTLE,F000000004,01/02/2008,F000000005,01/02/2008
A000002090,CATTLE,F000000004,01/02/2008,F000000005,01/02/2008
A000002174,CATTLE,F000000004,01/02/2008,F000000005,01/02/2008
A000002175,CATTLE,F000000004,01/02/2008,F000000005,01/02/2008
A000002176,CATTLE,F000000004,01/02/2008,F000000005,01/02/2008
A000002243,CATTLE,F000000004,01/02/2008,F000000005,01/02/2008
A000002244,CATTLE,F000000004,01/02/2008,F000000005,01/02/2008
A000002245,CATTLE,F000000004,01/02/2008,F000000005,01/02/2008
A000002010,CATTLE,F000000003,01/04/2008,F000000004,01/04/2008
A000002011,CATTLE,F000000003,01/04/2008,F000000004,01/04/2008
A000002012,CATTLE,F000000003,01/04/2008,F000000004,01/04/2008
A000002013,CATTLE,F000000003,01/04/2008,F000000004,01/04/2008
A000002014,CATTLE,F000000003,01/04/2008,F000000004,01/04/2008
A000002015,CATTLE,F000000003,01/04/2008,F000000004,01/04/2008
A000002081,CATTLE,F000000003,01/04/2008,F000000004,01/04/2008
A000002082,CATTLE,F000000003,01/04/2008,F000000004,01/04/2008
A000002083,CATTLE,F000000003,01/04/2008,F000000004,01/04/2008
A000002084,CATTLE,F000000003,01/04/2008,F000000004,01/04/2008
A000002085,CATTLE,F000000003,01/04/2008,F000000004,01/04/2008
A000002169,CATTLE,F000000003,01/04/2008,F000000004,01/04/2008
A000002170,CATTLE,F000000003,01/04/2008,F000000004,01/04/2008
A000002171,CATTLE,F000000003,01/04/2008,F000000004,01/04/2008
A000002172,CATTLE,F000000003,01/04/2008,F000000004,01/04/2008
A000002173,CATTLE,F000000003,01/04/2008,F000000004,01/04/2008
A000002242,CATTLE,F000000003,01/04/2008,F000000004,01/04/2008
A000002315,CATTLE,F000000003,01/04/2008,F000000004,01/04/2008
A000002316,CATTLE,F000000003,01/04/2008,F000000004,01/04/2008
A000002317,CATTLE,F000000003,01/05/2008,F000000004,01/05/2008
A000002318,CATTLE,F000000003,01/05/2008,F000000004,01/05/2008
A000002319,CATTLE,F000000003,01/05/2008,F000000004,01/05/2008
A000002320,CATTLE,F000000003,01/05/2008,F000000004,01/05/2008
A000002321,CATTLE,F000000003,01/05/2008,F000000004,01/05/2008
A000002322,CATTLE,F000000003,01/05/2008,F000000004,01/05/2008
A000002393,CATTLE,F000000003,01/05/2008,F000000004,01/05/2008
A000002394,CATTLE,F000000003,01/05/2008,F000000004,01/05/2008
A000002395,CATTLE,F000000003,01/05/2008,F000000004,01/05/2008
A000002482,CATTLE,F000000003,01/05/2008,F000000004,01/05/2008
A000002483,CATTLE,F000000003,01/05/2008,F000000004,01/05/2008
A000002484,CATTLE,F000000003,01/05/2008,F000000004,01/05/2008
A000002485,CATTLE,F000000003,01/05/2008,F000000004,01/05/2008
A000002486,CATTLE,F000000003,01/05/2008,F000000004,01/05/2008
A000002487,CATTLE,F000000003,01/05/2008,F000000004,01/05/2008
A000002488,CATTLE,F000000003,01/05/2008,F000000004,01/05/2008
A000002489,CATTLE,F000000003,01/05/2008,F000000004,01/05/2008
A000002490,CATTLE,F000000003,01/05/2008,F000000004,01/05/2008
A000002580,CATTLE,F000000003,01/05/2008,F000000004,01/05/2008
A000002581,CATTLE,F000000003,01/05/2008,F000000004,01/05/2008
A000002582,CATTLE,F000000003,01/05/2008,F000000004,01/05/2008
A000002878,CATTLE,F000000016,01/08/2008,F000000002,01/08/2008
A000002879,CATTLE,F000000016,01/08/2008,F000000002,01/08/2008
A000002880,CATTLE,F000000016,01/08/2008,F000000002,01/08/2008
A000002881,CATTLE,F000000016,01/08/2008,F000000002,01/08/2008
A000002973,CATTLE,F000000016,01/08/2008,F000000002,01/08/2008
A000002974,CATTLE,F000000016,01/08/2008,F000000002,01/08/2008
A000002975,CATTLE,F000000016,01/08/2008,F000000002,01/08/2008
A000002976,CATTLE,F000000016,01/08/2008,F000000002,01/08/2008
A000002977,CATTLE,F000000016,01/08/2008,F000000002,01/08/2008
A000003084,CATTLE,F000000016,01/08/2008,F000000002,01/08/2008
A000003085,CATTLE,F000000016,01/08/2008,F000000002,01/08/2008
A000003086,CATTLE,F000000016,01/08/2008,F000000002,01/08/2008
A000002041,CATTLE,F000000011,01/09/2008,F000000012,01/09/2008
A000002042,CATTLE,F000000011,01/09/2008,F000000012,01/09/2008
A000002106,CATTLE,F000000011,01/09/2008,F000000012,01/09/2008
A000002107,CATTLE,F000000011,01/09/2008,F000000012,01/09/2008
A000002108,CATTLE,F000000011,01/09/2008,F000000012,01/09/2008
A000002109,CATTLE,F000000011,01/09/2008,F000000012,01/09/2008
A000002110,CATTLE,F000000011,01/09/2008,F000000012,01/09/2008
A000002111,CATTLE,F000000011,01/09/2008,F000000012,01/09/2008
A000002371,CATTLE,F000000017,01/11/2008,F000000007,01/11/2008
A000002464,CATTLE,F000000017,01/11/2008,F000000007,01/11/2008
A000002465,CATTLE,F000000017,01/11/2008,F000000007,01/11/2008
A000002466,CATTLE,F000000017,01/11/2008,F000000007,01/11/2008
A000002467,CATTLE,F000000017,01/11/2008,F000000007,01/11/2008
A000002468,CATTLE,F000000017,01/11/2008,F000000007,01/11/2008
A000002469,CATTLE,F000000017,01/11/2008,F000000007,01/11/2008
A000002470,CATTLE,F000000017,01/11/2008,F000000007,01/11/2008
A000002471,CATTLE,F000000017,01/11/2008,F000000007,01/11/2008
A000002553,CATTLE,F000000017,01/11/2008,F000000007,01/11/2008
A000002554,CATTLE,F000000017,01/11/2008,F000000007,01/11/2008
A000002555,CATTLE,F000000017,01/11/2008,F000000007,01/11/2008
A000002556,CATTLE,F000000017,01/11/2008,F000000007,01/11/2008
A000002557,CATTLE,F000000017,01/11/2008,F000000007,01/11/2008
A000002650,CATTLE,F000000017,01/11/2008,F000000007,01/11/2008
A000002651,CATTLE,F000000017,01/11/2008,F000000007,01/11/2008
A000002652,CATTLE,F000000017,01/11/2008,F000000007,01/11/2008
A000002653,CATTLE,F000000017,01/11/2008,F000000007,01/11/2008
A000002654,CATTLE,F000000017,01/11/2008,F000000007,01/11/2008
A000002655,CATTLE,F000000017,01/11/2008,F000000007,01/11/2008
A000002656,CATTLE,F000000017,01/11/2008,F000000007,01/11/2008
A000002657,CATTLE,F000000017,01/11/2008,F000000007,01/11/2008
A000003674,CATTLE,F000000007,01/02/2009,F000000008,01/02/2009
A000003675,CATTLE,F000000007,01/02/2009,F000000008,01/02/2009
A000003676,CATTLE,F000000007,01/02/2009,F000000008,01/02/2009
A000003677,CATTLE,F000000007,01/02/2009,F000000008,01/02/2009
A000003678,CATTLE,F000000007,01/02/2009,F000000008,01/02/2009
A000003679,CATTLE,F000000007,01/02/2009,F000000008,01/02/2009
A000003680,CATTLE,F000000007,01/02/2009,F000000008,01/02/2009
A000003766,CATTLE,F000000007,01/02/2009,F000000008,01/02/2009
A000003767,CATTLE,F000000007,01/02/2009,F000000008,01/02/2009
A000003768,CATTLE,F000000007,01/02/2009,F000000008,01/02/2009
A000003927,CATTLE,F000000007,01/02/2009,F000000008,01/02/2009
A000003928,CATTLE,F000000007,01/02/2009,F000000008,01/02/2009
A000003929,CATTLE,F000000007,01/02/2009,F000000008,01/02/2009
A000003930,CATTLE,F000000007,01/02/2009,F000000008,01/02/2009
A000003931,CATTLE,F000000007,01/02/2009,F000000008,01/02/2009
A000003932,CATTLE,F000000007,01/02/2009,F000000008,01/02/2009
A000004022,CATTLE,F000000007,01/02/2009,F000000008,01/02/2009
A000004023,CATTLE,F000000007,01/02/2009,F000000008,01/02/2009
A000004099,CATTLE,F000000007,01/02/2009,F000000008,01/02/2009
A000004100,CATTLE,F000000007,01/02/2009,F000000008,01/02/2009
A000004101,CATTLE,F000000007,01/02/2009,F000000008,01/02/2009
A000004102,CATTLE,F000000007,01/02/2009,F000000008,01/02/2009
A000004103,CATTLE,F000000007,01/02/2009,F000000008,01/02/2009
A000004104,CATTLE,F000000007,01/02/2009,F000000008,01/02/2009
A000003087,CATTLE,F000000016,01/04/2009,F000000010,01/04/2009
A000003088,CATTLE,F000000016,01/04/2009,F000000010,01/04/2009
A000003089,CATTLE,F000000016,01/04/2009,F000000010,01/04/2009
A000003090,CATTLE,F000000016,01/04/2009,F000000010,01/04/2009
A000003174,CATTLE,F000000016,01/04/2009,F000000010,01/04/2009
A000003175,CATTLE,F000000016,01/04/2009,F000000010,01/04/2009
A000003176,CATTLE,F000000016,01/04/2009,F000000010,01/04/2009
A000003275,CATTLE,F000000016,01/04/2009,F000000010,01/04/2009
A000003276,CATTLE,F000000016,01/04/2009,F000000010,01/04/2009
A000003277,CATTLE,F000000016,01/04/2009,F000000010,01/04/2009
A000003278,CATTLE,F000000016,01/04/2009,F000000010,01/04/2009
A000003279,CATTLE,F000000016,01/04/2009,F000000010,01/04/2009
A000003280,CATTLE,F000000016,01/04/2009,F000000010,01/04/2009
A000003281,CATTLE,F000000016,01/04/2009,F000000010,01/04/2009
A000003282,CATTLE,F000000016,01/04/2009,F000000010,01/04/2009
A000003283,CATTLE,F000000016,01/04/2009,F000000010,01/04/2009
A000003362,CATTLE,F000000016,01/04/2009,F000000010,01/04/2009
A000004209,CATTLE,F000000007,01/06/2009,F000000008,01/06/2009
A000004210,CATTLE,F000000007,01/06/2009,F000000008,01/06/2009
A000004211,CATTLE,F000000007,01/06/2009,F000000008,01/06/2009
A000004306,CATTLE,F000000007,01/06/2009,F000000008,01/06/2009
A000004307,CATTLE,F000000007,01/06/2009,F000000008,01/06/2009
A000004308,CATTLE,F000000007,01/06/2009,F000000008,01/06/2009
A000004309,CATTLE,F000000007,01/06/2009,F000000008,01/06/2009
A000004310,CATTLE,F000000007,01/06/2009,F000000008,01/06/2009
A000004311,CATTLE,F000000007,01/06/2009,F000000008,01/06/2009
A000004312,CATTLE,F000000007,01/08/2009,F000000008,01/08/2009
A000004313,CATTLE,F000000007,01/08/2009,F000000008,01/08/2009
A000004389,CATTLE,F000000007,01/08/2009,F000000008,01/08/2009
A000004492,CATTLE,F000000007,01/08/2009,F000000008,01/08/2009
A000004493,CATTLE,F000000007,01/08/2009,F000000008,01/08/2009
A000004494,CATTLE,F000000007,01/08/2009,F000000008,01/08/2009
A000004495,CATTLE,F000000007,01/08/2009,F000000008,01/08/2009
A000004496,CATTLE,F000000007,01/08/2009,F000000008,01/08/2009
A000004497,CATTLE,F000000007,01/08/2009,F000000008,01/08/2009
A000004498,CATTLE,F000000007,01/08/2009,F000000008,01/08/2009
A000004572,CATTLE,F000000007,01/08/2009,F000000008,01/08/2009
A000004573,CATTLE,F000000007,01/08/2009,F000000008,01/08/2009
A000004574,CATTLE,F000000007,01/08/2009,F000000008,01/08/2009
A000004575,CATTLE,F000000007,01/08/2009,F000000008,01/08/2009
A000004576,CATTLE,F000000007,01/08/2009,F000000008,01/08/2009
A000004577,CATTLE,F000000007,01/08/2009,F000000008,01/08/2009
A000004578,CATTLE,F000000007,01/08/2009,F000000008,01/08/2009
A000004579,CATTLE,F000000007,01/08/2009,F000000008,01/08/2009
A000004580,CATTLE,F000000007,01/08/2009,F000000008,01/08/2009
A000004658,CATTLE,F000000007,01/08/2009,F000000008,01/08/2009
A000004659,CATTLE,F000000007,01/08/2009,F000000008,01/08/2009
A000004660,CATTLE,F000000007,01/08/2009,F000000008,01/08/2009
A000004661,CATTLE,F000000007,01/09/2009,F000000004,01/09/2009
A000004662,CATTLE,F000000007,01/09/2009,F000000004,01/09/2009
A000004663,CATTLE,F000000007,01/09/2009,F000000004,01/09/2009
A000004753,CATTLE,F000000007,01/09/2009,F000000004,01/09/2009
A000004754,CATTLE,F000000007,01/09/2009,F000000004,01/09/2009
A000004755,CATTLE,F000000007,01/09/2009,F000000004,01/09/2009
A000004756,CATTLE,F000000007,01/09/2009,F000000004,01/09/2009
A000004757,CATTLE,F000000007,01/09/2009,F000000004,01/09/2009
A000004758,CATTLE,F000000007,01/09/2009,F000000004,01/09/2009
A000004759,CATTLE,F000000007,01/09/2009,F000000004,01/09/2009
A000004760,CATTLE,F000000007,01/09/2009,F000000004,01/09/2009
A000004863,CATTLE,F000000007,01/09/2009,F000000004,01/09/2009
A000004864,CATTLE,F000000007,01/09/2009,F000000004,01/09/2009
A000004980,CATTLE,F000000007,01/09/2009,F000000004,01/09/2009
A000005066,CATTLE,F000000007,01/09/2009,F000000004,01/09/2009
A000005067,CATTLE,F000000007,01/09/2009,F000000004,01/09/2009
A000005068,CATTLE,F000000007,01/09/2009,F000000004,01/09/2009
A000005069,CATTLE,F000000007,01/09/2009,F000000004,01/09/2009
A000002029,CATTLE,F000000008,01/10/2009,F000000009,01/10/2009
A000002030,CATTLE,F000000008,01/10/2009,F000000009,01/10/2009
A000002031,CATTLE,F000000008,01/10/2009,F000000009,01/10/2009
A000002032,CATTLE,F000000008,01/10/2009,F000000009,01/10/2009
A000002033,CATTLE,F000000008,01/10/2009,F000000009,01/10/2009
A000002034,CATTLE,F000000008,01/10/2009,F000000009,01/10/2009
A000002093,CATTLE,F000000008,01/10/2009,F000000009,01/10/2009
A000002094,CATTLE,F000000008,01/10/2009,F000000009,01/10/2009
A000002095,CATTLE,F000000008,01/10/2009,F000000009,01/10/2009
A000002096,CATTLE,F000000008,01/10/2009,F000000009,01/10/2009
A000002097,CATTLE,F000000008,01/10/2009,F000000009,01/10/2009
A000002098,CATTLE,F000000008,01/10/2009,F000000009,01/10/2009
A000002583,CATTLE,F000000003,01/11/2009,F000000004,01/11/2009
A000002584,CATTLE,F000000003,01/11/2009,F000000004,01/11/2009
A000002585,CATTLE,F000000003,01/11/2009,F000000004,01/11/2009
A000002586,CATTLE,F000000003,01/11/2009,F000000004,01/11/2009
A000002743,CATTLE,F000000003,01/11/2009,F000000004,01/11/2009
A000002744,CATTLE,F000000003,01/11/2009,F000000004,01/11/2009
A000002745,CATTLE,F000000003,01/11/2009,F000000004,01/11/2009
A000002823,CATTLE,F000000003,01/11/2009,F000000004,01/11/2009
A000002824,CATTLE,F000000003,01/11/2009,F000000004,01/11/2009
A000002825,CATTLE,F000000003,01/11/2009,F000000004,01/11/2009
A000002826,CATTLE,F000000003,01/11/2009,F000000004,01/11/2009
A000002827,CATTLE,F000000003,01/11/2009,F000000004,01/11/2009
A000002828,CATTLE,F000000003,01/11/2009,F000000004,01/11/2009
A000002829,CATTLE,F000000003,01/11/2009,F000000004,01/11/2009
A000002912,CATTLE,F000000003,01/11/2009,F000000004,01/11/2009
A000002913,CATTLE,F000000003,01/11/2009,F000000004,01/11/2009
A000002914,CATTLE,F000000003,01/11/2009,F000000004,01/11/2009
A000003017,CATTLE,F000000003,01/11/2009,F000000004,01/11/2009
A000003018,CATTLE,F000000003,01/11/2009,F000000004,01/11/2009
A000003019,CATTLE,F000000003,01/11/2009,F000000004,01/11/2009
A000003020,CATTLE,F000000003,01/11/2009,F000000004,01/11/2009
A000003021,CATTLE,F000000003,01/11/2009,F000000004,01/11/2009
A000002064,CATTLE,F000000018,01/12/2009,F000000012,01/12/2009
A000002139,CATTLE,F000000018,01/12/2009,F000000012,01/12/2009
A000002140,CATTLE,F000000018,01/12/2009,F000000012,01/12/2009
A000002141,CATTLE,F000000018,01/12/2009,F000000012,01/12/2009
A000002142,CATTLE,F000000018,01/12/2009,F000000012,01/12/2009
A000002143,CATTLE,F000000018,01/02/2010,F000000019,01/02/2010
A000002144,CATTLE,F000000018,01/02/2010,F000000019,01/02/2010
A000002145,CATTLE,F000000018,01/02/2010,F000000019,01/02/2010
A000002146,CATTLE,F000000018,01/02/2010,F000000019,01/02/2010
A000002220,CATTLE,F000000018,01/02/2010,F000000019,01/02/2010
A000002221,CATTLE,F000000018,01/02/2010,F000000019,01/02/2010
A000002222,CATTLE,F000000018,01/02/2010,F000000019,01/02/2010
A000002223,CATTLE,F000000018,01/02/2010,F000000019,01/02/2010
A000002224,CATTLE,F000000018,01/02/2010,F000000019,01/02/2010
A000002225,CATTLE,F000000018,01/02/2010,F000000019,01/02/2010
A000002290,CATTLE,F000000018,01/02/2010,F000000019,01/02/2010
A000002291,CATTLE,F000000018,01/02/2010,F000000019,01/02/2010
A000002292,CATTLE,F000000018,01/02/2010,F000000019,01/02/2010
A000002372,CATTLE,F000000018,01/02/2010,F000000019,01/02/2010
A000003032,CATTLE,F000000005,01/03/2010,F000000006,01/03/2010
A000003127,CATTLE,F000000005,01/03/2010,F000000006,01/03/2010
A000003128,CATTLE,F000000005,01/03/2010,F000000006,01/03/2010
A000003129,CATTLE,F000000005,01/03/2010,F000000006,01/03/2010
A000003130,CATTLE,F000000005,01/03/2010,F000000006,01/03/2010
A000003131,CATTLE,F000000005,01/03/2010,F000000006,01/03/2010
A000003132,CATTLE,F000000005,01/03/2010,F000000006,01/03/2010
A000003219,CATTLE,F000000005,01/03/2010,F000000006,01/03/2010
A000003220,CATTLE,F000000005,01/03/2010,F000000006,01/03/2010
A000003316,CATTLE,F000000005,01/03/2010,F000000006,01/03/2010
A000003317,CATTLE,F000000005,01/03/2010,F000000006,01/03/2010
A000003318,CATTLE,F000000005,01/03/2010,F000000006,01/03/2010
A000003319,CATTLE,F000000005,01/03/2010,F000000006,01/03/2010
A000002124,CATTLE,F000000014,01/05/2010,F000000010,01/05/2010
A000002125,CATTLE,F000000014,01/05/2010,F000000010,01/05/2010
A000002126,CATTLE,F000000014,01/05/2010,F000000010,01/05/2010
A000002197,CATTLE,F000000014,01/05/2010,F000000010,01/05/2010
A000002198,CATTLE,F000000014,01/05/2010,F000000010,01/05/2010
A000002199,CATTLE,F000000014,01/05/2010,F000000010,01/05/2010
A000002200,CATTLE,F000000014,01/05/2010,F000000010,01/05/2010
A000002201,CATTLE,F000000014,01/05/2010,F000000010,01/05/2010
A000002202,CATTLE,F000000014,01/05/2010,F000000010,01/05/2010
A000002203,CATTLE,F000000014,01/05/2010,F000000010,01/05/2010
A000002277,CATTLE,F000000014,01/05/2010,F000000010,01/05/2010
A000002278,CATTLE,F000000014,01/05/2010,F000000010,01/05/2010
A000002279,CATTLE,F000000014,01/05/2010,F000000010,01/05/2010
A000002359,CATTLE,F000000014,01/05/2010,F000000010,01/05/2010
A000002658,CATTLE,F000000017,01/06/2010,F000000008,01/06/2010
A000002721,CATTLE,F000000017,01/06/2010,F000000008,01/06/2010
A000002722,CATTLE,F000000017,01/06/2010,F000000008,01/06/2010
A000002723,CATTLE,F000000017,01/06/2010,F000000008,01/06/2010
A000002724,CATTLE,F000000017,01/06/2010,F000000008,01/06/2010
A000002882,CATTLE,F000000017,01/06/2010,F000000008,01/06/2010
A000002883,CATTLE,F000000017,01/06/2010,F000000008,01/06/2010
A000002884,CATTLE,F000000017,01/06/2010,F000000008,01/06/2010
A000002978,CATTLE,F000000017,01/06/2010,F000000008,01/06/2010
A000002979,CATTLE,F000000017,01/07/2010,F000000004,01/07/2010
A000002980,CATTLE,F000000017,01/07/2010,F000000004,01/07/2010
A000002981,CATTLE,F000000017,01/07/2010,F000000004,01/07/2010
A000002982,CATTLE,F000000017,01/07/2010,F000000004,01/07/2010
A000002983,CATTLE,F000000017,01/07/2010,F000000004,01/07/2010
A000002984,CATTLE,F000000017,01/07/2010,F000000004,01/07/2010
A000002985,CATTLE,F000000017,01/07/2010,F000000004,01/07/2010
A000002986,CATTLE,F000000017,01/07/2010,F000000004,01/07/2010
A000003091,CATTLE,F000000017,01/07/2010,F000000004,01/07/2010
A000003092,CATTLE,F000000017,01/07/2010,F000000004,01/07/2010
A000003093,CATTLE,F000000017,01/07/2010,F000000004,01/07/2010
A000003094,CATTLE,F000000017,01/07/2010,F000000004,01/07/2010
A000003095,CATTLE,F000000017,01/07/2010,F000000004,01/07/2010
A000003096,CATTLE,F000000017,01/07/2010,F000000004,01/07/2010
A000003022,CATTLE,F000000003,01/08/2010,F000000004,01/08/2010
A000003023,CATTLE,F000000003,01/08/2010,F000000004,01/08/2010
A000003024,CATTLE,F000000003,01/08/2010,F000000004,01/08/2010
A000003025,CATTLE,F000000003,01/08/2010,F000000004,01/08/2010
A000003115,CATTLE,F000000003,01/08/2010,F000000004,01/08/2010
A000003116,CATTLE,F000000003,01/08/2010,F000000004,01/08/2010
A000003117,CATTLE,F000000003,01/08/2010,F000000004,01/08/2010
A000003118,CATTLE,F000000003,01/08/2010,F000000004,01/08/2010
A000003119,CATTLE,F000000003,01/08/2010,F000000004,01/08/2010
A000003211,CATTLE,F000000003,01/08/2010,F000000004,01/08/2010
A000003212,CATTLE,F000000003,01/08/2010,F000000004,01/08/2010
A000003213,CATTLE,F000000003,01/08/2010,F000000004,01/08/2010
A000003214,CATTLE,F000000003,01/08/2010,F000000004,01/08/2010
A000003215,CATTLE,F000000003,01/08/2010,F000000004,01/08/2010
A000003302,CATTLE,F000000003,01/08/2010,F000000004,01/08/2010
A000003303,CATTLE,F000000003,01/08/2010,F000000004,01/08/2010
A000003304,CATTLE,F000000003,01/08/2010,F000000004,01/08/2010
A000003305,CATTLE,F000000003,01/08/2010,F000000004,01/08/2010
A000003306,CATTLE,F000000003,01/08/2010,F000000004,01/08/2010
A000003405,CATTLE,F000000003,01/08/2010,F000000004,01/08/2010
A000003406,CATTLE,F000000003,01/08/2010,F000000004,01/08/2010
A000003407,CATTLE,F000000003,01/08/2010,F000000004,01/08/2010
A000003408,CATTLE,F000000003,01/08/2010,F000000004,01/08/2010
A000002445,CATTLE,F000000014,01/09/2010,F000000010,01/09/2010
A000002446,CATTLE,F000000014,01/09/2010,F000000010,01/09/2010
A000002447,CATTLE,F000000014,01/09/2010,F000000010,01/09/2010
A000002539,CATTLE,F000000014,01/09/2010,F000000010,01/09/2010
A000002540,CATTLE,F000000014,01/09/2010,F000000010,01/09/2010
A000002541,CATTLE,F000000014,01/09/2010,F000000010,01/09/2010
A000002542,CATTLE,F000000014,01/09/2010,F000000010,01/09/2010
A000002543,CATTLE,F000000014,01/09/2010,F000000010,01/09/2010
A000002544,CATTLE,F000000014,01/09/2010,F000000010,01/09/2010
A000002545,CATTLE,F000000014,01/09/2010,F000000010,01/09/2010
A000002546,CATTLE,F000000014,01/09/2010,F000000010,01/09/2010
A000002643,CATTLE,F000000014,01/09/2010,F000000010,01/09/2010
A000002644,CATTLE,F000000014,01/09/2010,F000000010,01/09/2010
A000002717,CATTLE,F000000014,01/09/2010,F000000010,01/09/2010
A000002799,CATTLE,F000000014,01/09/2010,F000000010,01/09/2010
A000002800,CATTLE,F000000014,01/09/2010,F000000010,01/09/2010
A000002801,CATTLE,F000000014,01/09/2010,F000000010,01/09/2010
A000002802,CATTLE,F000000014,01/09/2010,F000000010,01/09/2010
A000002803,CATTLE,F000000014,01/09/2010,F000000010,01/09/2010
A000002865,CATTLE,F000000014,01/09/2010,F000000010,01/09/2010
A000002961,CATTLE,F000000014,01/09/2010,F000000010,01/09/2010
A000002499,CATTLE,F000000006,01/10/2010,F000000007,01/10/2010
A000002500,CATTLE,F000000006,01/10/2010,F000000007,01/10/2010
A000002501,CATTLE,F000000006,01/10/2010,F000000007,01/10/2010
A000002502,CATTLE,F000000006,01/10/2010,F000000007,01/10/2010
A000002503,CATTLE,F000000006,01/10/2010,F000000007,01/10/2010
A000002504,CATTLE,F000000006,01/10/2010,F000000007,01/10/2010
A000002593,CATTLE,F000000006,01/10/2010,F000000007,01/10/2010
A000002594,CATTLE,F000000006,01/10/2010,F000000007,01/10/2010
A000002759,CATTLE,F000000006,01/10/2010,F000000007,01/10/2010
A000002760,CATTLE,F000000006,01/10/2010,F000000007,01/10/2010
A000002761,CATTLE,F000000006,01/10/2010,F000000007,01/10/2010
A000002762,CATTLE,F000000006,01/10/2010,F000000007,01/10/2010
A000002763,CATTLE,F000000006,01/10/2010,F000000007,01/10/2010
A000002764,CATTLE,F000000006,01/10/2010,F000000007,01/10/2010
A000002765,CATTLE,F000000006,01/10/2010,F000000007,01/10/2010
A000003097,CATTLE,F000000017,01/11/2010,F000000010,01/11/2010
A000003177,CATTLE,F000000017,01/11/2010,F000000010,01/11/2010
A000003178,CATTLE,F000000017,01/11/2010,F000000010,01/11/2010
A000003284,CATTLE,F000000017,01/11/2010,F000000010,01/11/2010
A000003369,CATTLE,F000000017,01/11/2010,F000000010,01/11/2010
A000003370,CATTLE,F000000017,01/11/2010,F000000010,01/11/2010
A000003371,CATTLE,F000000017,01/11/2010,F000000010,01/11/2010
A000003372,CATTLE,F000000017,01/11/2010,F000000010,01/11/2010
A000003373,CATTLE,F000000017,01/11/2010,F000000010,01/11/2010
A000003374,CATTLE,F000000017,01/11/2010,F000000010,01/11/2010
A000003375,CATTLE,F000000017,01/11/2010,F000000010,01/11/2010
A000003376,CATTLE,F000000017,01/11/2010,F000000010,01/11/2010
A000003467,CATTLE,F000000017,01/11/2010,F000000010,01/11/2010
A000002509,CATTLE,F000000009,01/01/2011,F000000006,01/01/2011
A000002510,CATTLE,F000000009,01/01/2011,F000000006,01/01/2011
A000002511,CATTLE,F000000009,01/01/2011,F000000006,01/01/2011
A000002512,CATTLE,F000000009,01/01/2011,F000000006,01/01/2011
A000002606,CATTLE,F000000009,01/01/2011,F000000006,01/01/2011
A000002607,CATTLE,F000000009,01/01/2011,F000000006,01/01/2011
A000002962,CATTLE,F000000014,01/04/2011,F000000005,01/04/2011
A000002963,CATTLE,F000000014,01/04/2011,F000000005,01/04/2011
A000002964,CATTLE,F000000014,01/04/2011,F000000005,01/04/2011
A000002965,CATTLE,F000000014,01/04/2011,F000000005,01/04/2011
A000002966,CATTLE,F000000014,01/04/2011,F000000005,01/04/2011
A000002967,CATTLE,F000000014,01/04/2011,F000000005,01/04/2011
A000002968,CATTLE,F000000014,01/04/2011,F000000005,01/04/2011
A000002969,CATTLE,F000000014,01/04/2011,F000000005,01/04/2011
A000003262,CATTLE,F000000014,01/04/2011,F000000005,01/04/2011
A000003263,CATTLE,F000000014,01/04/2011,F000000005,01/04/2011
A000003264,CATTLE,F000000014,01/04/2011,F000000005,01/04/2011
A000003265,CATTLE,F000000014,01/04/2011,F000000005,01/04/2011
A000003266,CATTLE,F000000014,01/04/2011,F000000005,01/04/2011
A000002587,CATTLE,F000000004,01/05/2011,F000000001,01/05/2011
A000002588,CATTLE,F000000004,01/05/2011,F000000001,01/05/2011
A000002589,CATTLE,F000000004,01/05/2011,F000000001,01/05/2011
A000002590,CATTLE,F000000004,01/05/2011,F000000001,01/05/2011
A000002591,CATTLE,F000000004,01/05/2011,F000000001,01/05/2011
A000002676,CATTLE,F000000004,01/05/2011,F000000001,01/05/2011
A000002677,CATTLE,F000000004,01/05/2011,F000000001,01/05/2011
A000002678,CATTLE,F000000004,01/05/2011,F000000001,01/05/2011
A000002679,CATTLE,F000000004,01/05/2011,F000000001,01/05/2011
A000002680,CATTLE,F000000004,01/05/2011,F000000001,01/05/2011
A000002681,CATTLE,F000000004,01/05/2011,F000000001,01/05/2011
A000002682,CATTLE,F000000004,01/05/2011,F000000001,01/05/2011
A000002683,CATTLE,F000000004,01/05/2011,F000000001,01/05/2011
A000002746,CATTLE,F000000004,01/05/2011,F000000001,01/05/2011
A000002747,CATTLE,F000000004,01/05/2011,F000000001,01/05/2011
A000002748,CATTLE,F000000004,01/05/2011,F000000001,01/05/2011
A000002749,CATTLE,F000000004,01/05/2011,F000000001,01/05/2011
A000002750,CATTLE,F000000004,01/05/2011,F000000001,01/05/2011
A000002751,CATTLE,F000000004,01/05/2011,F000000001,01/05/2011
A000002752,CATTLE,F000000004,01/05/2011,F000000001,01/05/2011
A000002753,CATTLE,F000000004,01/05/2011,F000000001,01/05/2011
A000002754,CATTLE,F000000004,01/05/2011,F000000001,01/05/2011
A000003004,CATTLE,F000000020,01/07/2011,F000000006,01/07/2011
A000003005,CATTLE,F000000020,01/07/2011,F000000006,01/07/2011
A000003006,CATTLE,F000000020,01/07/2011,F000000006,01/07/2011
A000003007,CATTLE,F000000020,01/07/2011,F000000006,01/07/2011
A000003008,CATTLE,F000000020,01/07/2011,F000000006,01/07/2011
A000003409,CATTLE,F000000003,01/09/2011,F000000004,01/09/2011
A000003410,CATTLE,F000000003,01/09/2011,F000000004,01/09/2011
A000003411,CATTLE,F000000003,01/09/2011,F000000004,01/09/2011
A000003502,CATTLE,F000000003,01/09/2011,F000000004,01/09/2011
A000003563,CATTLE,F000000003,01/09/2011,F000000004,01/09/2011
A000003564,CATTLE,F000000003,01/09/2011,F000000004,01/09/2011
A000003565,CATTLE,F000000003,01/09/2011,F000000004,01/09/2011
A000003566,CATTLE,F000000003,01/09/2011,F000000004,01/09/2011
A000003567,CATTLE,F000000003,01/09/2011,F000000004,01/09/2011
A000003827,CATTLE,F000000003,01/09/2011,F000000004,01/09/2011
A000003828,CATTLE,F000000003,01/09/2011,F000000004,01/09/2011
A000003900,CATTLE,F000000003,01/09/2011,F000000004,01/09/2011
A000003901,CATTLE,F000000003,01/09/2011,F000000004,01/09/2011
A000003902,CATTLE,F000000003,01/09/2011,F000000004,01/09/2011
A000004011,CATTLE,F000000003,01/09/2011,F000000004,01/09/2011
A000004012,CATTLE,F000000003,01/09/2011,F000000004,01/09/2011
A000004013,CATTLE,F000000003,01/09/2011,F000000004,01/09/2011
A000004014,CATTLE,F000000003,01/09/2011,F000000004,01/09/2011
A000004015,CATTLE,F000000003,01/09/2011,F000000004,01/09/2011
A000004083,CATTLE,F000000003,01/09/2011,F000000004,01/09/2011
A000004084,CATTLE,F000000003,01/09/2011,F000000004,01/09/2011
A000003613,CATTLE,F000000012,01/01/2012,F000000004,01/01/2012
A000003614,CATTLE,F000000012,01/01/2012,F000000004,01/01/2012
A000003615,CATTLE,F000000012,01/01/2012,F000000004,01/01/2012
A000003616,CATTLE,F000000012,01/01/2012,F000000004,01/01/2012
A000003617,CATTLE,F000000012,01/01/2012,F000000004,01/01/2012
A000003704,CATTLE,F000000012,01/01/2012,F000000004,01/01/2012
A000003705,CATTLE,F000000012,01/01/2012,F000000004,01/01/2012
A000003783,CATTLE,F000000012,01/01/2012,F000000004,01/01/2012
A000003862,CATTLE,F000000012,01/01/2012,F000000004,01/01/2012
A000003863,CATTLE,F000000012,01/01/2012,F000000004,01/01/2012
A000003864,CATTLE,F000000012,01/01/2012,F000000004,01/01/2012
A000003865,CATTLE,F000000012,01/01/2012,F000000004,01/01/2012
A000003866,CATTLE,F000000012,01/01/2012,F000000004,01/01/2012
A000003867,CATTLE,F000000012,01/01/2012,F000000004,01/01/2012
A000003868,CATTLE,F000000012,01/01/2012,F000000004,01/01/2012
A000003956,CATTLE,F000000012,01/01/2012,F000000004,01/01/2012
A000003957,CATTLE,F000000012,01/01/2012,F000000004,01/01/2012
A000003958,CATTLE,F000000012,01/01/2012,F000000004,01/01/2012
A000003959,CATTLE,F000000012,01/01/2012,F000000004,01/01/2012
A000003960,CATTLE,F000000012,01/01/2012,F000000004,01/01/2012
A000003961,CATTLE,F000000012,01/01/2012,F000000004,01/01/2012
A000003962,CATTLE,F000000012,01/01/2012,F000000004,01/01/2012
A000003963,CATTLE,F000000012,01/01/2012,F000000004,01/01/2012
A000003456,CATTLE,F000000015,01/08/2012,F000000012,01/08/2012
A000003457,CATTLE,F000000015,01/08/2012,F000000012,01/08/2012
A000003458,CATTLE,F000000015,01/08/2012,F000000012,01/08/2012
A000003459,CATTLE,F000000015,01/08/2012,F000000012,01/08/2012
A000003460,CATTLE,F000000015,01/08/2012,F000000012,01/08/2012
A000003537,CATTLE,F000000015,01/08/2012,F000000012,01/08/2012
A000003538,CATTLE,F000000015,01/08/2012,F000000012,01/08/2012
A000003539,CATTLE,F000000015,01/08/2012,F000000012,01/08/2012
A000003540,CATTLE,F000000015,01/08/2012,F000000012,01/08/2012
A000003541,CATTLE,F000000015,01/08/2012,F000000012,01/08/2012
A000003542,CATTLE,F000000015,01/08/2012,F000000012,01/08/2012
A000003543,CATTLE,F000000015,01/08/2012,F000000012,01/08/2012
A000003544,CATTLE,F000000015,01/08/2012,F000000012,01/08/2012
A000003629,CATTLE,F000000015,01/08/2012,F000000012,01/08/2012
A000003630,CATTLE,F000000015,01/08/2012,F000000012,01/08/2012
A000003717,CATTLE,F000000015,01/08/2012,F000000012,01/08/2012
A000003718,CATTLE,F000000015,01/08/2012,F000000012,01/08/2012
A000003719,CATTLE,F000000015,01/08/2012,F000000012,01/08/2012
A000003720,CATTLE,F000000015,01/08/2012,F000000012,01/08/2012
A000003721,CATTLE,F000000015,01/08/2012,F000000012,01/08/2012
A000003722,CATTLE,F000000015,01/08/2012,F000000012,01/08/2012
A000003723,CATTLE,F000000015,01/08/2012,F000000012,01/08/2012
A000003790,CATTLE,F000000015,01/08/2012,F000000012,01/08/2012
A000003791,CATTLE,F000000015,01/08/2012,F000000012,01/08/2012
A000003622,CATTLE,F000000014,01/12/2012,F000000011,01/12/2012
A000003623,CATTLE,F000000014,01/12/2012,F000000011,01/12/2012
A000003624,CATTLE,F000000014,01/12/2012,F000000011,01/12/2012
A000003625,CATTLE,F000000014,01/12/2012,F000000011,01/12/2012
A000003626,CATTLE,F000000014,01/12/2012,F000000011,01/12/2012
A000003568,CATTLE,F000000004,01/01/2013,F000000005,01/01/2013
A000003569,CATTLE,F000000004,01/01/2013,F000000005,01/01/2013
A000003658,CATTLE,F000000004,01/01/2013,F000000005,01/01/2013
A000003659,CATTLE,F000000004,01/01/2013,F000000005,01/01/2013
A000003660,CATTLE,F000000004,01/01/2013,F000000005,01/01/2013
A000003661,CATTLE,F000000004,01/01/2013,F000000005,01/01/2013
A000003662,CATTLE,F000000004,01/01/2013,F000000005,01/01/2013
A000003663,CATTLE,F000000004,01/01/2013,F000000005,01/01/2013
A000003758,CATTLE,F000000004,01/01/2013,F000000005,01/01/2013
A000003759,CATTLE,F000000004,01/01/2013,F000000005,01/01/2013
A000003760,CATTLE,F000000004,01/01/2013,F000000005,01/01/2013
A000003761,CATTLE,F000000004,01/01/2013,F000000005,01/01/2013
A000003762,CATTLE,F000000004,01/01/2013,F000000005,01/01/2013
A000003903,CATTLE,F000000004,01/01/2013,F000000005,01/01/2013
A000003904,CATTLE,F000000004,01/01/2013,F000000005,01/01/2013
A000003905,CATTLE,F000000004,01/01/2013,F000000005,01/01/2013
A000003906,CATTLE,F000000004,01/01/2013,F000000005,01/01/2013
A000003907,CATTLE,F000000004,01/01/2013,F000000005,01/01/2013
A000003908,CATTLE,F000000004,01/01/2013,F000000005,01/01/2013
A000004016,CATTLE,F000000004,01/01/2013,F000000005,01/01/2013
A000004017,CATTLE,F000000004,01/01/2013,F000000005,01/01/2013
A000004088,CATTLE,F000000004,01/01/2013,F000000005,01/01/2013
A000003602,CATTLE,F000000010,01/03/2013,F000000011,01/03/2013
A000003603,CATTLE,F000000010,01/03/2013,F000000011,01/03/2013
A000003604,CATTLE,F000000010,01/03/2013,F000000011,01/03/2013
A000003605,CATTLE,F000000010,01/03/2013,F000000011,01/03/2013
A000003606,CATTLE,F000000010,01/03/2013,F000000011,01/03/2013
A000003635,CATTLE,F000000017,01/04/2013,F000000002,01/04/2013
A000003636,CATTLE,F000000017,01/04/2013,F000000002,01/04/2013
A000003637,CATTLE,F000000017,01/04/2013,F000000002,01/04/2013
A000003638,CATTLE,F000000017,01/04/2013,F000000002,01/04/2013
A000003639,CATTLE,F000000017,01/04/2013,F000000002,01/04/2013
A000003640,CATTLE,F000000017,01/04/2013,F000000002,01/04/2013
A000003730,CATTLE,F000000017,01/04/2013,F000000002,01/04/2013
A000003731,CATTLE,F000000017,01/04/2013,F000000002,01/04/2013
A000003732,CATTLE,F000000017,01/04/2013,F000000002,01/04/2013
A000003733,CATTLE,F000000017,01/04/2013,F000000002,01/04/2013
A000003734,CATTLE,F000000017,01/04/2013,F000000002,01/04/2013
A000003735,CATTLE,F000000017,01/04/2013,F000000002,01/04/2013
A000003736,CATTLE,F000000017,01/04/2013,F000000002,01/04/2013
A000003803,CATTLE,F000000017,01/04/2013,F000000002,01/04/2013
A000003804,CATTLE,F000000017,01/04/2013,F000000002,01/04/2013
A000003805,CATTLE,F000000017,01/04/2013,F000000002,01/04/2013
A000003806,CATTLE,F000000017,01/04/2013,F000000002,01/04/2013
A000003807,CATTLE,F000000017,01/04/2013,F000000002,01/04/2013
A000003808,CATTLE,F000000017,01/04/2013,F000000002,01/04/2013
A000003809,CATTLE,F000000017,01/04/2013,F000000002,01/04/2013
A000003810,CATTLE,F000000017,01/04/2013,F000000002,01/04/2013
A000003811,CATTLE,F000000017,01/04/2013,F000000002,01/04/2013
A000003881,CATTLE,F000000017,01/04/2013,F000000002,01/04/2013
A000003681,CATTLE,F000000008,01/05/2013,F000000004,01/05/2013
A000003682,CATTLE,F000000008,01/05/2013,F000000004,01/05/2013
A000003683,CATTLE,F000000008,01/05/2013,F000000004,01/05/2013
A000003684,CATTLE,F000000008,01/05/2013,F000000004,01/05/2013
A000003685,CATTLE,F000000008,01/05/2013,F000000004,01/05/2013
A000003686,CATTLE,F000000008,01/05/2013,F000000004,01/05/2013
A000003769,CATTLE,F000000008,01/05/2013,F000000004,01/05/2013
A000003770,CATTLE,F000000008,01/05/2013,F000000004,01/05/2013
A000003771,CATTLE,F000000008,01/05/2013,F000000004,01/05/2013
A000003838,CATTLE,F000000008,01/05/2013,F000000004,01/05/2013
A000003839,CATTLE,F000000008,01/05/2013,F000000004,01/05/2013
A000003840,CATTLE,F000000008,01/05/2013,F000000004,01/05/2013
A000003841,CATTLE,F000000008,01/05/2013,F000000004,01/05/2013
A000003842,CATTLE,F000000008,01/05/2013,F000000004,01/05/2013
A000003843,CATTLE,F000000008,01/05/2013,F000000004,01/05/2013
A000003844,CATTLE,F000000008,01/05/2013,F000000004,01/05/2013
A000003933,CATTLE,F000000008,01/05/2013,F000000004,01/05/2013
A000003934,CATTLE,F000000008,01/05/2013,F000000004,01/05/2013
A000003935,CATTLE,F000000008,01/05/2013,F000000004,01/05/2013
A000003936,CATTLE,F000000008,01/05/2013,F000000004,01/05/2013
A000003937,CATTLE,F000000008,01/05/2013,F000000004,01/05/2013
A000003938,CATTLE,F000000008,01/05/2013,F000000004,01/05/2013
A000003874,CATTLE,F000000015,01/07/2013,F000000007,01/07/2013
A000003875,CATTLE,F000000015,01/07/2013,F000000007,01/07/2013
A000003876,CATTLE,F000000015,01/07/2013,F000000007,01/07/2013
A000003877,CATTLE,F000000015,01/07/2013,F000000007,01/07/2013
A000003976,CATTLE,F000000015,01/07/2013,F000000007,01/07/2013
A000003977,CATTLE,F000000015,01/07/2013,F000000007,01/07/2013
A000003978,CATTLE,F000000015,01/07/2013,F000000007,01/07/2013
A000003979,CATTLE,F000000015,01/07/2013,F000000007,01/07/2013
A000003980,CATTLE,F000000015,01/07/2013,F000000007,01/07/2013
A000003981,CATTLE,F000000015,01/07/2013,F000000007,01/07/2013
A000003982,CATTLE,F000000015,01/07/2013,F000000007,01/07/2013
A000004044,CATTLE,F000000015,01/07/2013,F000000007,01/07/2013
A000004045,CATTLE,F000000015,01/07/2013,F000000007,01/07/2013
A000004046,CATTLE,F000000015,01/07/2013,F000000007,01/07/2013
A000004143,CATTLE,F000000015,01/07/2013,F000000007,01/07/2013
A000004144,CATTLE,F000000015,01/07/2013,F000000007,01/07/2013
A000004145,CATTLE,F000000015,01/07/2013,F000000007,01/07/2013
A000004146,CATTLE,F000000015,01/07/2013,F000000007,01/07/2013
A000004085,CATTLE,F000000003,01/10/2013,F000000004,01/10/2013
A000004086,CATTLE,F000000003,01/10/2013,F000000004,01/10/2013
A000004087,CATTLE,F000000003,01/10/2013,F000000004,01/10/2013
A000004184,CATTLE,F000000003,01/10/2013,F000000004,01/10/2013
A000004185,CATTLE,F000000003,01/10/2013,F000000004,01/10/2013
A000004186,CATTLE,F000000003,01/10/2013,F000000004,01/10/2013
A000004187,CATTLE,F000000003,01/10/2013,F000000004,01/10/2013
A000004188,CATTLE,F000000003,01/10/2013,F000000004,01/10/2013
A000004189,CATTLE,F000000003,01/10/2013,F000000004,01/10/2013
A000004190,CATTLE,F000000003,01/10/2013,F000000004,01/10/2013
A000004191,CATTLE,F000000003,01/10/2013,F000000004,01/10/2013
A000004192,CATTLE,F000000003,01/10/2013,F000000004,01/10/2013
A000004282,CATTLE,F000000003,01/10/2013,F000000004,01/10/2013
A000004283,CATTLE,F000000003,01/10/2013,F000000004,01/10/2013
